Neighborhood,Neighborhood Latitude,Neighborhood Longitude,Commune,Venue,Venue Id,Venue Likes,Venue Latitude,Venue Longitude,Venue Category
Urbanización Ciudad Jardín,3.363480000000038,-76.53549999999996,"22, Cali, Colombia",Juan Valdez Café,53a4b846498e35d5abb223eb,48,3.3643985317117338,-76.53392617742965,Coffee Shop
Urbanización Ciudad Jardín,3.363480000000038,-76.53549999999996,"22, Cali, Colombia",Mister Wings,525c661a11d24a7bb38ec4fe,110,3.364481517527786,-76.53568941652918,Wings Joint
Urbanización Ciudad Jardín,3.363480000000038,-76.53549999999996,"22, Cali, Colombia",Tortelli,4d05131b0e49721e9d67747f,45,3.3646393344302603,-76.53420630786773,Italian Restaurant
Urbanización Ciudad Jardín,3.363480000000038,-76.53549999999996,"22, Cali, Colombia",El Obelisco,51e20cfa498e8fc6b173739f,55,3.3648543755857276,-76.5356896312165,Restaurant
Urbanización Ciudad Jardín,3.363480000000038,-76.53549999999996,"22, Cali, Colombia",Palmas Mall,4c26a755136d20a16ccce561,33,3.36464861306421,-76.53424496710154,Shopping Mall
Urbanización Ciudad Jardín,3.363480000000038,-76.53549999999996,"22, Cali, Colombia",Cuuc | Juice and Food,506471a1e4b0974e7c3088f9,113,3.364142690976436,-76.53354887465802,Sandwich Place
Urbanización Ciudad Jardín,3.363480000000038,-76.53549999999996,"22, Cali, Colombia",Tosta Todo,56e37c54cd10a13a7a81bb8f,6,3.3644877239361386,-76.5354531836628,Restaurant
Urbanización Ciudad Jardín,3.363480000000038,-76.53549999999996,"22, Cali, Colombia",Pampa Malbec,51b62b7f498e84fba2d16217,12,3.364477,-76.533505,Argentinian Restaurant
Urbanización Ciudad Jardín,3.363480000000038,-76.53549999999996,"22, Cali, Colombia",Absenta Ciudad Jardin,4e9a523e4901d3b0b6e514a4,100,3.3645595397312262,-76.53485605315296,Cocktail Bar
Urbanización Ciudad Jardín,3.363480000000038,-76.53549999999996,"22, Cali, Colombia",Archie`s,4cc3863801fb236a2773a6ba,53,3.364670855523931,-76.53409755413448,Italian Restaurant
Urbanización Ciudad Jardín,3.363480000000038,-76.53549999999996,"22, Cali, Colombia",bioway,55709ce8498e9ea78689b241,13,3.36393,-76.533683,Vegetarian / Vegan Restaurant
Urbanización Ciudad Jardín,3.363480000000038,-76.53549999999996,"22, Cali, Colombia",Mr. Wings,525de7d511d26e457a776434,10,3.3645081191175032,-76.5356711054385,Wings Joint
Urbanización Ciudad Jardín,3.363480000000038,-76.53549999999996,"22, Cali, Colombia",Joshua Café Irlandés,533637a7498e9cb4418c622f,32,3.3644324090240576,-76.53382261726686,Pub
Urbanización Ciudad Jardín,3.363480000000038,-76.53549999999996,"22, Cali, Colombia",La Pizzeria Estelar,504a96d5e4b0720195afa258,8,3.3642912624852785,-76.53333132299372,Pizza Place
Urbanización Ciudad Jardín,3.363480000000038,-76.53549999999996,"22, Cali, Colombia",Enoteca Salvatore Piccolo,5213ce5611d24d9a1b337be0,7,3.364214,-76.533682,Restaurant
Urbanización Ciudad Jardín,3.363480000000038,-76.53549999999996,"22, Cali, Colombia",Smoothie Land,55ece5b6498eda28014fb5d9,7,3.3646508477476442,-76.53518933120966,Juice Bar
Urbanización Ciudad Jardín,3.363480000000038,-76.53549999999996,"22, Cali, Colombia",Chef Burguer Ciudad Jardín,583e212418384c732ecef06b,9,3.364530663637619,-76.53470198603999,Burger Joint
Urbanización Ciudad Jardín,3.363480000000038,-76.53549999999996,"22, Cali, Colombia",El Café del Sol,4c44f8eff0bdd13acc65cacc,47,3.364636,-76.534173,Restaurant
Urbanización Ciudad Jardín,3.363480000000038,-76.53549999999996,"22, Cali, Colombia",Kiva Cocina de origen,51fc6586498ea3afdda5ee1a,9,3.364257,-76.535332,Restaurant
Urbanización Ciudad Jardín,3.363480000000038,-76.53549999999996,"22, Cali, Colombia",Dolce Stella,4eaffb27f7900d57e499b051,15,3.364495,-76.53338,Café
Altos de Ciudad de Jardín,3.363480000000038,-76.53549999999996,"22, Cali, Colombia",Juan Valdez Café,53a4b846498e35d5abb223eb,48,3.3643985317117338,-76.53392617742965,Coffee Shop
Altos de Ciudad de Jardín,3.363480000000038,-76.53549999999996,"22, Cali, Colombia",Mister Wings,525c661a11d24a7bb38ec4fe,110,3.364481517527786,-76.53568941652918,Wings Joint
Altos de Ciudad de Jardín,3.363480000000038,-76.53549999999996,"22, Cali, Colombia",Tortelli,4d05131b0e49721e9d67747f,45,3.3646393344302603,-76.53420630786773,Italian Restaurant
Altos de Ciudad de Jardín,3.363480000000038,-76.53549999999996,"22, Cali, Colombia",El Obelisco,51e20cfa498e8fc6b173739f,55,3.3648543755857276,-76.5356896312165,Restaurant
Altos de Ciudad de Jardín,3.363480000000038,-76.53549999999996,"22, Cali, Colombia",Palmas Mall,4c26a755136d20a16ccce561,33,3.36464861306421,-76.53424496710154,Shopping Mall
Altos de Ciudad de Jardín,3.363480000000038,-76.53549999999996,"22, Cali, Colombia",Cuuc | Juice and Food,506471a1e4b0974e7c3088f9,113,3.364142690976436,-76.53354887465802,Sandwich Place
Altos de Ciudad de Jardín,3.363480000000038,-76.53549999999996,"22, Cali, Colombia",Tosta Todo,56e37c54cd10a13a7a81bb8f,6,3.3644877239361386,-76.5354531836628,Restaurant
Altos de Ciudad de Jardín,3.363480000000038,-76.53549999999996,"22, Cali, Colombia",Pampa Malbec,51b62b7f498e84fba2d16217,12,3.364477,-76.533505,Argentinian Restaurant
Altos de Ciudad de Jardín,3.363480000000038,-76.53549999999996,"22, Cali, Colombia",Absenta Ciudad Jardin,4e9a523e4901d3b0b6e514a4,100,3.3645595397312262,-76.53485605315296,Cocktail Bar
Altos de Ciudad de Jardín,3.363480000000038,-76.53549999999996,"22, Cali, Colombia",Archie`s,4cc3863801fb236a2773a6ba,53,3.364670855523931,-76.53409755413448,Italian Restaurant
Altos de Ciudad de Jardín,3.363480000000038,-76.53549999999996,"22, Cali, Colombia",bioway,55709ce8498e9ea78689b241,13,3.36393,-76.533683,Vegetarian / Vegan Restaurant
Altos de Ciudad de Jardín,3.363480000000038,-76.53549999999996,"22, Cali, Colombia",Mr. Wings,525de7d511d26e457a776434,10,3.3645081191175032,-76.5356711054385,Wings Joint
Altos de Ciudad de Jardín,3.363480000000038,-76.53549999999996,"22, Cali, Colombia",Joshua Café Irlandés,533637a7498e9cb4418c622f,32,3.3644324090240576,-76.53382261726686,Pub
Altos de Ciudad de Jardín,3.363480000000038,-76.53549999999996,"22, Cali, Colombia",La Pizzeria Estelar,504a96d5e4b0720195afa258,8,3.3642912624852785,-76.53333132299372,Pizza Place
Altos de Ciudad de Jardín,3.363480000000038,-76.53549999999996,"22, Cali, Colombia",Enoteca Salvatore Piccolo,5213ce5611d24d9a1b337be0,7,3.364214,-76.533682,Restaurant
Altos de Ciudad de Jardín,3.363480000000038,-76.53549999999996,"22, Cali, Colombia",Smoothie Land,55ece5b6498eda28014fb5d9,7,3.3646508477476442,-76.53518933120966,Juice Bar
Altos de Ciudad de Jardín,3.363480000000038,-76.53549999999996,"22, Cali, Colombia",Chef Burguer Ciudad Jardín,583e212418384c732ecef06b,9,3.364530663637619,-76.53470198603999,Burger Joint
Altos de Ciudad de Jardín,3.363480000000038,-76.53549999999996,"22, Cali, Colombia",El Café del Sol,4c44f8eff0bdd13acc65cacc,47,3.364636,-76.534173,Restaurant
Altos de Ciudad de Jardín,3.363480000000038,-76.53549999999996,"22, Cali, Colombia",Kiva Cocina de origen,51fc6586498ea3afdda5ee1a,9,3.364257,-76.535332,Restaurant
Altos de Ciudad de Jardín,3.363480000000038,-76.53549999999996,"22, Cali, Colombia",Dolce Stella,4eaffb27f7900d57e499b051,15,3.364495,-76.53338,Café
La Bocha,3.3328900000000203,-76.53721999999993,"22, Cali, Colombia",Parque De Las Garzas,4d98d353647d8cfa464bf93d,10,3.332568620779479,-76.53649189662357,Lake
La Bocha,3.3328900000000203,-76.53721999999993,"22, Cali, Colombia",Colegio Campestre Anglo Hispano,4e5256d4d22d41fba79fb8c0,0,3.3328574,-76.5398249,School
Bochalema,3.3328900000000203,-76.53721999999993,"22, Cali, Colombia",Parque De Las Garzas,4d98d353647d8cfa464bf93d,10,3.332568620779479,-76.53649189662357,Lake
Bochalema,3.3328900000000203,-76.53721999999993,"22, Cali, Colombia",Colegio Campestre Anglo Hispano,4e5256d4d22d41fba79fb8c0,0,3.3328574,-76.5398249,School
Parcelaciones Pance,3.3464200000000233,-76.53620999999998,"22, Cali, Colombia",Sala de Investigación Multimedia: ACUARIO,553822bf498e98287c5ffb9f,0,3.3445924083762395,-76.5375926974247,Ice Cream Shop
Urbanización Río Lili,3.3650100000000407,-76.52761999999996,"22, Cali, Colombia",Bodytech,4d1947a6c2782d432789bbb0,95,3.3669226480808194,-76.52770854075156,Gym
Urbanización Río Lili,3.3650100000000407,-76.52761999999996,"22, Cali, Colombia",Falabella,4fe10664e4b0bb952f0bb15a,48,3.367227649207981,-76.52707974219663,Furniture / Home Store
Urbanización Río Lili,3.3650100000000407,-76.52761999999996,"22, Cali, Colombia",Xocolata Café & Pan,536fd801498ee2f0d5b0595c,6,3.3662076967910606,-76.52809163045202,Breakfast Spot
Urbanización Río Lili,3.3650100000000407,-76.52761999999996,"22, Cali, Colombia",La Trattorina - Jardin Plaza,568eac58498e15c4cacd05b7,10,3.36730441182663,-76.5270952371813,Italian Restaurant
Urbanización Río Lili,3.3650100000000407,-76.52761999999996,"22, Cali, Colombia",C.A.F. El Molino,4e78de191f6ecf8d36c2ef9c,20,3.364267112962245,-76.52903181671351,Gym
Urbanización Río Lili,3.3650100000000407,-76.52761999999996,"22, Cali, Colombia",Starbucks,5a3e71079deb7d432fc11a1c,11,3.3675912215930457,-76.52722296248194,Coffee Shop
Urbanización Río Lili,3.3650100000000407,-76.52761999999996,"22, Cali, Colombia",Oaxxaca,56eda9d9498e3aa68467630c,4,3.367607998045733,-76.52709801442752,Restaurant
Alférez Real,3.389970000000062,-76.54796999999996,"22, Cali, Colombia",Alvolo Pizza & Pasta,4e239936a80968cf3e5617d8,1,3.391291464114728,-76.54666185379028,Pizza Place
Alférez Real,3.389970000000062,-76.54796999999996,"22, Cali, Colombia",Supermercado Superinter,4db1a32c0cb6442b2ecd76d9,3,3.391645,-76.549129,Department Store
Ciudad Campestre,3.3699000000000296,-76.53944999999999,"22, Cali, Colombia",Crepes & Waffles,4d67049f6d6a236a6d892c2a,155,3.3693811442368604,-76.53707908114762,Creperie
Ciudad Campestre,3.3699000000000296,-76.53944999999999,"22, Cali, Colombia",Golf Club,4e2537a962e12f2b95e5e72e,7,3.3710384087975505,-76.54098529257134,Resort
Ciudad Campestre,3.3699000000000296,-76.53944999999999,"22, Cali, Colombia",Sansai Wok,4e36db75b0fb59390ead61d2,12,3.3687034692320847,-76.53711856312196,Sushi Restaurant
Ciudad Campestre,3.3699000000000296,-76.53944999999999,"22, Cali, Colombia",Juan Valdez Café,4ecab9002da5cc0a1f417f75,3,3.37104876413935,-76.539071707297,Coffee Shop
Ciudad Campestre,3.3699000000000296,-76.53944999999999,"22, Cali, Colombia",Sanissimo,50ca1735e4b0f94e0e51f250,30,3.369685052831156,-76.53704668573242,Vegetarian / Vegan Restaurant
Ciudad Campestre,3.3699000000000296,-76.53944999999999,"22, Cali, Colombia",Zahavi Pasteleria Reposteria Gourmet,4e63960eb993678bb6fd6c6b,23,3.3700878341129212,-76.53934164270395,Bakery
Ciudad Campestre,3.3699000000000296,-76.53944999999999,"22, Cali, Colombia",Hotel NH Cali Royal,4fc9860ae4b02595bb06d957,30,3.371057226695027,-76.53893310793121,Hotel
Ciudad Campestre,3.3699000000000296,-76.53944999999999,"22, Cali, Colombia",Duque's Taller De Pizzas,50cd3127e4b01278989fba6e,8,3.3691961421902055,-76.537084636684,Pizza Place
Ciudad Campestre,3.3699000000000296,-76.53944999999999,"22, Cali, Colombia",Pepe Ganga,4cf18e807bf3b60ce481607f,25,3.3706095067962063,-76.53756729441183,Department Store
Ciudad Campestre,3.3699000000000296,-76.53944999999999,"22, Cali, Colombia",ONE O ONE Sushi Bar,4f90d17fe4b04c93d51660ee,12,3.369007139146305,-76.53697838270753,Japanese Restaurant
Ciudad Campestre,3.3699000000000296,-76.53944999999999,"22, Cali, Colombia",Mr Bross,4e602901fa76cd64cd3f2ce3,7,3.3691034295691225,-76.53709237708618,Fast Food Restaurant
Ciudad Campestre,3.3699000000000296,-76.53944999999999,"22, Cali, Colombia",Carulla,4d39a9f8fa736ea889b10e8a,33,3.37153110289013,-76.53859587856162,Supermarket
Ciudad Campestre,3.3699000000000296,-76.53944999999999,"22, Cali, Colombia",D'Toluca,55a7eb96498edf2ed9c6d7a2,7,3.3692172332131527,-76.53722011974389,Mexican Restaurant
Ciudad Campestre,3.3699000000000296,-76.53944999999999,"22, Cali, Colombia",Wings America,581cfab0afe101726816f269,5,3.3691240886089973,-76.53709977865219,American Restaurant
Ciudad Pacífica,3.3328900000000203,-76.53721999999993,"22, Cali, Colombia",Parque De Las Garzas,4d98d353647d8cfa464bf93d,10,3.332568620779479,-76.53649189662357,Lake
Ciudad Pacífica,3.3328900000000203,-76.53721999999993,"22, Cali, Colombia",Colegio Campestre Anglo Hispano,4e5256d4d22d41fba79fb8c0,0,3.3328574,-76.5398249,School
Barrio Plaza Ñuñoa,-33.46170943237828,-70.58549728537099,"Ñuñoa, Santiago de Chile",Los Pincheira,4b5a2e72f964a5207fb228e3,136,-33.4617441726923,-70.58469672921225,Hot Dog Joint
Barrio Plaza Ñuñoa,-33.46170943237828,-70.58549728537099,"Ñuñoa, Santiago de Chile",Panaderia Los Cerezos,4dc6bb0c45dd264552906c53,10,-33.462374394060554,-70.58707603011416,Bakery
Barrio Plaza Ñuñoa,-33.46170943237828,-70.58549728537099,"Ñuñoa, Santiago de Chile",Botilleria Unicornio Azul,4f3ec652e4b0a793b31b99e2,2,-33.462363309362935,-70.58718641144095,Food & Drink Shop
Barrio Plaza Ñuñoa,-33.46170943237828,-70.58549728537099,"Ñuñoa, Santiago de Chile",Il Pollo Italiano,4e29a898e4cd6c6cb3535765,0,-33.4619682481631,-70.58459534859183,Fast Food Restaurant
Barrio Diego de Almagro,-33.43796307252103,-70.57951919268085,"Ñuñoa, Santiago de Chile",Ubuntú Café,54037fe2498eecf09b2b740c,54,-33.43811933320393,-70.57812847735529,Coffee Shop
Barrio Diego de Almagro,-33.43796307252103,-70.57951919268085,"Ñuñoa, Santiago de Chile","Amasanderia, Pasteleria y Minimarket ""Rosita""",4de6adb4d4c0294e3afb6980,10,-33.43676442112591,-70.58187416137123,Bakery
Barrio Diego de Almagro,-33.43796307252103,-70.57951919268085,"Ñuñoa, Santiago de Chile",Shizun Nikkei & Sushi Tobalaba,563409ca498e5e231985e6a9,13,-33.436362,-70.577864,Asian Restaurant
Barrio Diego de Almagro,-33.43796307252103,-70.57951919268085,"Ñuñoa, Santiago de Chile",Plaza Augusto D'halmar,4e2f1933fa7614797ddff346,39,-33.437200373181106,-70.57778114286185,Park
Barrio Diego de Almagro,-33.43796307252103,-70.57951919268085,"Ñuñoa, Santiago de Chile",extreme fit,55044b38498e9fea32b025d2,8,-33.43679973903187,-70.57667444805635,Gym / Fitness Center
Barrio Diego de Almagro,-33.43796307252103,-70.57951919268085,"Ñuñoa, Santiago de Chile",Pasteleria Francesa Délice,55d4f53d498ee25b6a16c4bd,11,-33.43642651200956,-70.57773006797335,Coffee Shop
Barrio Diego de Almagro,-33.43796307252103,-70.57951919268085,"Ñuñoa, Santiago de Chile",salcobrand,561ea882498eb1a3e5bc06de,1,-33.43633094558746,-70.57783295983567,Pharmacy
Barrio Diego de Almagro,-33.43796307252103,-70.57951919268085,"Ñuñoa, Santiago de Chile",Paradero PD467,4f3ce94ae4b04e058bb08236,0,-33.43635719271595,-70.57814668092331,Bus Station
Barrio Amapolas,-33.44034868439232,-70.57396842198015,"Ñuñoa, Santiago de Chile",Daniel's Bakery & Cafe,54f74ae5498eee4886896a72,272,-33.4401784731176,-70.5766799461946,Pie Shop
Barrio Amapolas,-33.44034868439232,-70.57396842198015,"Ñuñoa, Santiago de Chile",Ying Feng,4de3d7abd4c07044058d4c28,6,-33.438263789501924,-70.57391881942749,Chinese Restaurant
Barrio Amapolas,-33.44034868439232,-70.57396842198015,"Ñuñoa, Santiago de Chile",Gangas,4f5b75e6e4b0cfc5e0cbb98f,23,-33.438290648496725,-70.57361841201782,Tree
Barrio Amapolas,-33.44034868439232,-70.57396842198015,"Ñuñoa, Santiago de Chile",Feria Tobalaba,4ce7eed6595cb1f7c793c514,27,-33.4394730980281,-70.57209880092353,Farmers Market
Barrio Amapolas,-33.44034868439232,-70.57396842198015,"Ñuñoa, Santiago de Chile",Restaurant Piedra Noble,5160562de4b0e63c72f3645b,5,-33.43915866741301,-70.57317940731068,Fast Food Restaurant
Barrio Amapolas,-33.44034868439232,-70.57396842198015,"Ñuñoa, Santiago de Chile",Supermercado La Verbena,4bf46ac9354e9c7489be2602,8,-33.43865071456813,-70.57483517064858,Grocery Store
Barrio Amapolas,-33.44034868439232,-70.57396842198015,"Ñuñoa, Santiago de Chile",Big John Av.Ossa,4bcf5eb3b221c9b624e7d1d0,0,-33.441948372269174,-70.57344084399038,Grocery Store
Barrio Amapolas,-33.44034868439232,-70.57396842198015,"Ñuñoa, Santiago de Chile",Metro Príncipe de Gales,4b6386cbf964a520f4802ae3,17,-33.439019848130826,-70.57298510489126,Metro Station
Barrio Amapolas,-33.44034868439232,-70.57396842198015,"Ñuñoa, Santiago de Chile",Big Sandwich,4e06525f1838eb15aefa630e,2,-33.43856838105165,-70.57339436636839,Fast Food Restaurant
Barrio Amapolas,-33.44034868439232,-70.57396842198015,"Ñuñoa, Santiago de Chile",Parada 6 | Metro Príncipe de Gales (PD407),502fc35de4b0265f8ba40269,0,-33.43785195054054,-70.5731463432312,Bus Station
Barrio Pucará,-33.445044962430856,-70.58254990753836,"Ñuñoa, Santiago de Chile",Patagonia Sushi & Cevicheria,5692f98f498e604b3c266612,7,-33.446637,-70.581875,Asian Restaurant
Barrio Pucará,-33.445044962430856,-70.58254990753836,"Ñuñoa, Santiago de Chile",Panaderia Pan y Miel,4c1959b06a21c9b67272ca97,46,-33.44471021250742,-70.58134702382435,Bakery
Barrio Pucará,-33.445044962430856,-70.58254990753836,"Ñuñoa, Santiago de Chile",Sweet Shop,4ccc90ed09b1b713ad7ddba6,7,-33.44455449358156,-70.58566624539576,Dessert Shop
Barrio Pucará,-33.445044962430856,-70.58254990753836,"Ñuñoa, Santiago de Chile",Cafe Mediterraneo,4b9578bcf964a52050a434e3,48,-33.44672089742982,-70.58320840460043,Café
Barrio Pucará,-33.445044962430856,-70.58254990753836,"Ñuñoa, Santiago de Chile",Chang Ming,4d8239c9d95df04d279c52bc,1,-33.444603,-70.582111,Chinese Restaurant
Barrio Pucará,-33.445044962430856,-70.58254990753836,"Ñuñoa, Santiago de Chile",MioSushi,511aaa38e4b01dae760b3434,0,-33.444572034264006,-70.58141750203407,Asian Restaurant
Barrio Pucará,-33.445044962430856,-70.58254990753836,"Ñuñoa, Santiago de Chile",Almacen del Nelson,4d96001c744f370461bbae57,1,-33.44477575174397,-70.58113864067721,Grocery Store
Barrio Pucará,-33.445044962430856,-70.58254990753836,"Ñuñoa, Santiago de Chile",Emporio Animal,4d7e532de7e1721ea268de0b,3,-33.444685636702935,-70.58570497580867,Pet Store
Barrio Parque Botánico,-33.455209999999965,-70.59387999999996,"Ñuñoa, Santiago de Chile",La Finestra,5215510011d2380fd1ffce9e,310,-33.45567369384937,-70.5947764348526,Italian Restaurant
Barrio Parque Botánico,-33.455209999999965,-70.59387999999996,"Ñuñoa, Santiago de Chile",Fuente Suiza,4b5884e3f964a520c55b28e3,925,-33.45525860794065,-70.5960106773589,Sandwich Place
Barrio Parque Botánico,-33.455209999999965,-70.59387999999996,"Ñuñoa, Santiago de Chile",La Vinocracia,55f75a0e498e709df422013f,91,-33.45513017666054,-70.59472778942035,Wine Bar
Barrio Parque Botánico,-33.455209999999965,-70.59387999999996,"Ñuñoa, Santiago de Chile",Teatro Universidad Católica,4c9e90422fb1a143f7f0eb40,149,-33.45494448727658,-70.59404909820411,Theater
Barrio Parque Botánico,-33.455209999999965,-70.59387999999996,"Ñuñoa, Santiago de Chile",Pasteleria Maffi,4e79ee92ae60757c757732d7,24,-33.45531969492879,-70.5917067355486,Cupcake Shop
Barrio Parque Botánico,-33.455209999999965,-70.59387999999996,"Ñuñoa, Santiago de Chile",La Destileria,4d7acd7b51a3a093cc689bb3,422,-33.4537242342717,-70.59304550910485,Distillery
Barrio Parque Botánico,-33.455209999999965,-70.59387999999996,"Ñuñoa, Santiago de Chile",Rock&Guitarras,4ce851e3baa6a1cdad462d6c,11,-33.4564400306619,-70.59533229219622,Rock Club
Barrio Parque Botánico,-33.455209999999965,-70.59387999999996,"Ñuñoa, Santiago de Chile",Gimnasio Club Ñuñoa Plaza,4f6752efe4b08383b42d5e13,40,-33.453909339239694,-70.59244937369364,Gym
Barrio Parque Botánico,-33.455209999999965,-70.59387999999996,"Ñuñoa, Santiago de Chile",Sajj Comida Árabe,55457d48498e6f518bcbcfde,81,-33.455165586077115,-70.59651254947521,Middle Eastern Restaurant
Barrio Parque Botánico,-33.455209999999965,-70.59387999999996,"Ñuñoa, Santiago de Chile",La Batuta,4b5a845ff964a52044c928e3,278,-33.45467205221149,-70.59433970181026,Rock Club
Barrio Parque Botánico,-33.455209999999965,-70.59387999999996,"Ñuñoa, Santiago de Chile",Uncle Fletch,56e8a77bcd10addfbede23c8,198,-33.453905855037874,-70.59377287698642,Burger Joint
Barrio Parque Botánico,-33.455209999999965,-70.59387999999996,"Ñuñoa, Santiago de Chile",La Huamantanga - Fuente Peruana,5b5cb621826444003927a93c,10,-33.455181,-70.596909,Sandwich Place
Barrio Parque Botánico,-33.455209999999965,-70.59387999999996,"Ñuñoa, Santiago de Chile",La Batuta,4f597530e4b02c05d9df077e,13,-33.45467945146016,-70.59430305062796,Concert Hall
Barrio Parque Botánico,-33.455209999999965,-70.59387999999996,"Ñuñoa, Santiago de Chile",Mr. Fish,50dc7ba4e4b0add0e0f67972,298,-33.45512956784755,-70.59710354574817,Fish & Chips Shop
Barrio Parque Botánico,-33.455209999999965,-70.59387999999996,"Ñuñoa, Santiago de Chile",Panatura,5692d6d0498eb438cda32287,19,-33.455017588533366,-70.59707232313566,Vegetarian / Vegan Restaurant
Barrio Parque Botánico,-33.455209999999965,-70.59387999999996,"Ñuñoa, Santiago de Chile",Como En Lima,4ca69b1db0b8236a944fa1e6,94,-33.45456194657859,-70.59322754163135,Peruvian Restaurant
Barrio Parque Botánico,-33.455209999999965,-70.59387999999996,"Ñuñoa, Santiago de Chile",Salas 214,4c197604838020a11fd6e561,16,-33.4530630191147,-70.5931984391822,Concert Hall
Barrio Parque Botánico,-33.455209999999965,-70.59387999999996,"Ñuñoa, Santiago de Chile",La Taverna della Piazza,4b5399abf964a5201ea427e3,138,-33.455274049521336,-70.59304549993107,Italian Restaurant
Barrio Parque Botánico,-33.455209999999965,-70.59387999999996,"Ñuñoa, Santiago de Chile",Helados Filippo,4be6fc728a8cb7135e88c4a0,80,-33.45529747588973,-70.59424521308082,Ice Cream Shop
Barrio Parque Botánico,-33.455209999999965,-70.59387999999996,"Ñuñoa, Santiago de Chile",Taxco,4b982e1bf964a520f13135e3,116,-33.45371413631455,-70.59371139396141,Mexican Restaurant
Barrio Montenegro,-33.44489516183895,-70.58454131267017,"Ñuñoa, Santiago de Chile",Sweet Shop,4ccc90ed09b1b713ad7ddba6,7,-33.44455449358156,-70.58566624539576,Dessert Shop
Barrio Montenegro,-33.44489516183895,-70.58454131267017,"Ñuñoa, Santiago de Chile",Parque Botánico,4b8ed1f5f964a5200c3933e3,50,-33.44549512157081,-70.58630916969572,Plaza
Barrio Montenegro,-33.44489516183895,-70.58454131267017,"Ñuñoa, Santiago de Chile",Assaggio Caffe,5570b454498e9146678fe2a9,12,-33.444498001844856,-70.58587926258193,Coffee Shop
Barrio Montenegro,-33.44489516183895,-70.58454131267017,"Ñuñoa, Santiago de Chile",Restaurant Voy y Vuelvo,4b686d9cf964a520ee772be3,32,-33.444357167035704,-70.58569714552414,South American Restaurant
Barrio Montenegro,-33.44489516183895,-70.58454131267017,"Ñuñoa, Santiago de Chile",Las Delicias de Pucara,4f331ca0e4b05255bdf0d0f4,18,-33.444484380952794,-70.58634614404725,Bakery
Barrio Montenegro,-33.44489516183895,-70.58454131267017,"Ñuñoa, Santiago de Chile",Panaderia Pan y Miel,4c1959b06a21c9b67272ca97,46,-33.44471021250742,-70.58134702382435,Bakery
Barrio Montenegro,-33.44489516183895,-70.58454131267017,"Ñuñoa, Santiago de Chile",Plaza Pucará,50c24860e4b09f0680ab8b43,7,-33.44537538014772,-70.58625107416147,Park
Barrio Montenegro,-33.44489516183895,-70.58454131267017,"Ñuñoa, Santiago de Chile",Cafe Mediterraneo,4b9578bcf964a52050a434e3,48,-33.44672089742982,-70.58320840460043,Café
Barrio Montenegro,-33.44489516183895,-70.58454131267017,"Ñuñoa, Santiago de Chile",Emporio Animal,4d7e532de7e1721ea268de0b,3,-33.444685636702935,-70.58570497580867,Pet Store
Barrio Montenegro,-33.44489516183895,-70.58454131267017,"Ñuñoa, Santiago de Chile",Chang Ming,4d8239c9d95df04d279c52bc,1,-33.444603,-70.582111,Chinese Restaurant
Barrio Montenegro,-33.44489516183895,-70.58454131267017,"Ñuñoa, Santiago de Chile",MioSushi,511aaa38e4b01dae760b3434,0,-33.444572034264006,-70.58141750203407,Asian Restaurant
Barrio Los Guindos o Plaza Egaña,-33.455209999999965,-70.59387999999996,"Ñuñoa, Santiago de Chile",La Finestra,5215510011d2380fd1ffce9e,310,-33.45567369384937,-70.5947764348526,Italian Restaurant
Barrio Los Guindos o Plaza Egaña,-33.455209999999965,-70.59387999999996,"Ñuñoa, Santiago de Chile",Fuente Suiza,4b5884e3f964a520c55b28e3,925,-33.45525860794065,-70.5960106773589,Sandwich Place
Barrio Los Guindos o Plaza Egaña,-33.455209999999965,-70.59387999999996,"Ñuñoa, Santiago de Chile",La Vinocracia,55f75a0e498e709df422013f,91,-33.45513017666054,-70.59472778942035,Wine Bar
Barrio Los Guindos o Plaza Egaña,-33.455209999999965,-70.59387999999996,"Ñuñoa, Santiago de Chile",Teatro Universidad Católica,4c9e90422fb1a143f7f0eb40,149,-33.45494448727658,-70.59404909820411,Theater
Barrio Los Guindos o Plaza Egaña,-33.455209999999965,-70.59387999999996,"Ñuñoa, Santiago de Chile",Pasteleria Maffi,4e79ee92ae60757c757732d7,24,-33.45531969492879,-70.5917067355486,Cupcake Shop
Barrio Los Guindos o Plaza Egaña,-33.455209999999965,-70.59387999999996,"Ñuñoa, Santiago de Chile",La Destileria,4d7acd7b51a3a093cc689bb3,422,-33.4537242342717,-70.59304550910485,Distillery
Barrio Los Guindos o Plaza Egaña,-33.455209999999965,-70.59387999999996,"Ñuñoa, Santiago de Chile",Rock&Guitarras,4ce851e3baa6a1cdad462d6c,11,-33.4564400306619,-70.59533229219622,Rock Club
Barrio Los Guindos o Plaza Egaña,-33.455209999999965,-70.59387999999996,"Ñuñoa, Santiago de Chile",Gimnasio Club Ñuñoa Plaza,4f6752efe4b08383b42d5e13,40,-33.453909339239694,-70.59244937369364,Gym
Barrio Los Guindos o Plaza Egaña,-33.455209999999965,-70.59387999999996,"Ñuñoa, Santiago de Chile",Sajj Comida Árabe,55457d48498e6f518bcbcfde,81,-33.455165586077115,-70.59651254947521,Middle Eastern Restaurant
Barrio Los Guindos o Plaza Egaña,-33.455209999999965,-70.59387999999996,"Ñuñoa, Santiago de Chile",La Batuta,4b5a845ff964a52044c928e3,278,-33.45467205221149,-70.59433970181026,Rock Club
Barrio Los Guindos o Plaza Egaña,-33.455209999999965,-70.59387999999996,"Ñuñoa, Santiago de Chile",Uncle Fletch,56e8a77bcd10addfbede23c8,198,-33.453905855037874,-70.59377287698642,Burger Joint
Barrio Los Guindos o Plaza Egaña,-33.455209999999965,-70.59387999999996,"Ñuñoa, Santiago de Chile",La Huamantanga - Fuente Peruana,5b5cb621826444003927a93c,10,-33.455181,-70.596909,Sandwich Place
Barrio Los Guindos o Plaza Egaña,-33.455209999999965,-70.59387999999996,"Ñuñoa, Santiago de Chile",La Batuta,4f597530e4b02c05d9df077e,13,-33.45467945146016,-70.59430305062796,Concert Hall
Barrio Los Guindos o Plaza Egaña,-33.455209999999965,-70.59387999999996,"Ñuñoa, Santiago de Chile",Mr. Fish,50dc7ba4e4b0add0e0f67972,298,-33.45512956784755,-70.59710354574817,Fish & Chips Shop
Barrio Los Guindos o Plaza Egaña,-33.455209999999965,-70.59387999999996,"Ñuñoa, Santiago de Chile",Panatura,5692d6d0498eb438cda32287,19,-33.455017588533366,-70.59707232313566,Vegetarian / Vegan Restaurant
Barrio Los Guindos o Plaza Egaña,-33.455209999999965,-70.59387999999996,"Ñuñoa, Santiago de Chile",Como En Lima,4ca69b1db0b8236a944fa1e6,94,-33.45456194657859,-70.59322754163135,Peruvian Restaurant
Barrio Los Guindos o Plaza Egaña,-33.455209999999965,-70.59387999999996,"Ñuñoa, Santiago de Chile",Salas 214,4c197604838020a11fd6e561,16,-33.4530630191147,-70.5931984391822,Concert Hall
Barrio Los Guindos o Plaza Egaña,-33.455209999999965,-70.59387999999996,"Ñuñoa, Santiago de Chile",La Taverna della Piazza,4b5399abf964a5201ea427e3,138,-33.455274049521336,-70.59304549993107,Italian Restaurant
Barrio Los Guindos o Plaza Egaña,-33.455209999999965,-70.59387999999996,"Ñuñoa, Santiago de Chile",Helados Filippo,4be6fc728a8cb7135e88c4a0,80,-33.45529747588973,-70.59424521308082,Ice Cream Shop
Barrio Los Guindos o Plaza Egaña,-33.455209999999965,-70.59387999999996,"Ñuñoa, Santiago de Chile",Taxco,4b982e1bf964a520f13135e3,116,-33.45371413631455,-70.59371139396141,Mexican Restaurant
Barrio Micalvi,-33.439689953084894,-70.5846849040057,"Ñuñoa, Santiago de Chile",Café Matte,5446b63a498e043785f8ff1b,37,-33.43921120158345,-70.5870445954013,Coffee Shop
Barrio Micalvi,-33.439689953084894,-70.5846849040057,"Ñuñoa, Santiago de Chile",Restaurant Xion Chang,4bb639a7f562ef3b64d12f97,16,-33.43941535899326,-70.58695230831947,Chinese Restaurant
Barrio Micalvi,-33.439689953084894,-70.5846849040057,"Ñuñoa, Santiago de Chile",Onomichi Nikkei,50259be0e4b0dd4acbd76ae3,26,-33.43994861898245,-70.58400430551593,Peruvian Restaurant
Barrio Micalvi,-33.439689953084894,-70.5846849040057,"Ñuñoa, Santiago de Chile",Kikay Sushi,4f0340cf93adc8245be62e14,0,-33.437634048485954,-70.58562763446882,Sushi Restaurant
Barrio Parque Juan XXIII,-33.57205369979624,-70.57388249127078,"Ñuñoa, Santiago de Chile",Feria Libre El Arrayán/El Peral,4f329385e4b057434da3bbaa,10,-33.57115826691144,-70.57646188018424,Farmers Market
Barrio Parque Juan XXIII,-33.57205369979624,-70.57388249127078,"Ñuñoa, Santiago de Chile",Plaza Reñaca,4e2c6050c65bcaf400386e50,1,-33.57240513512683,-70.57436458583464,Outdoors & Recreation
Barrio Parque Juan XXIII,-33.57205369979624,-70.57388249127078,"Ñuñoa, Santiago de Chile",Parada PF477 - Nonato Coo Esq. El Peral,4f90c12ce4b003d8220cb7be,1,-33.572504,-70.571543,Bus Station
Barrio Parque Juan XXIII,-33.57205369979624,-70.57388249127078,"Ñuñoa, Santiago de Chile",Botilleria Guzman,4f37e662e4b0edf91d6feaaa,1,-33.574428851983384,-70.5740973399413,Food & Drink Shop
Barrio José Pedro Alessandri,-33.46369489817161,-70.59825452761936,"Ñuñoa, Santiago de Chile",Teatro La Troupé,50088005e4b0bb46c58f83b4,8,-33.46515801917332,-70.59711970368038,Theater
Barrio José Pedro Alessandri,-33.46369489817161,-70.59825452761936,"Ñuñoa, Santiago de Chile",Starbucks,4f744ac0e4b082acd10bb250,176,-33.464890567948906,-70.59809862216723,Coffee Shop
Barrio José Pedro Alessandri,-33.46369489817161,-70.59825452761936,"Ñuñoa, Santiago de Chile",MacOnline,4f746f78e4b0da86fd35db22,17,-33.46488647010837,-70.59675289380854,Electronics Store
Barrio José Pedro Alessandri,-33.46369489817161,-70.59825452761936,"Ñuñoa, Santiago de Chile",Cinemark,4ebdacc7722eb20686b19cb1,483,-33.465230524108726,-70.59701606097349,Movie Theater
Barrio José Pedro Alessandri,-33.46369489817161,-70.59825452761936,"Ñuñoa, Santiago de Chile",Starbucks,59bac9cc603d2a17e3a244df,0,-33.464911,-70.597972,Coffee Shop
Barrio José Pedro Alessandri,-33.46369489817161,-70.59825452761936,"Ñuñoa, Santiago de Chile",Pastos Peda,4e863c860cd64310257d1680,5,-33.46255510514217,-70.59680692151713,College Rec Center
Barrio José Pedro Alessandri,-33.46369489817161,-70.59825452761936,"Ñuñoa, Santiago de Chile",Portal Ñuñoa,4cf81299e8e254813152d562,873,-33.46492267469668,-70.59770157301843,Shopping Mall
Barrio José Pedro Alessandri,-33.46369489817161,-70.59825452761936,"Ñuñoa, Santiago de Chile",Juan Maestro,4d9b527b7668f04db571cf93,24,-33.46497003706101,-70.59788177127251,Sandwich Place
Barrio José Pedro Alessandri,-33.46369489817161,-70.59825452761936,"Ñuñoa, Santiago de Chile",Tommy Beans,57bb439e498e6e6593fc4fab,5,-33.465327,-70.597492,Burrito Place
Barrio José Pedro Alessandri,-33.46369489817161,-70.59825452761936,"Ñuñoa, Santiago de Chile",Los Cisnes,4b96ef1bf964a520dbee34e3,7,-33.46170952369794,-70.59836339957847,Latin American Restaurant
Barrio José Pedro Alessandri,-33.46369489817161,-70.59825452761936,"Ñuñoa, Santiago de Chile",Jumbo,4bb389dd4019a593891338b8,244,-33.464846325129905,-70.59781580823017,Supermarket
Barrio José Pedro Alessandri,-33.46369489817161,-70.59825452761936,"Ñuñoa, Santiago de Chile",Alegretto,4d6ee9d7b73bb1f78999a372,5,-33.464873775674874,-70.59801113201482,Ice Cream Shop
Barrio José Pedro Alessandri,-33.46369489817161,-70.59825452761936,"Ñuñoa, Santiago de Chile",Yogen Früz,4d98ee84744f37042acdfb57,14,-33.46498435406928,-70.59723531469199,Ice Cream Shop
Barrio José Pedro Alessandri,-33.46369489817161,-70.59825452761936,"Ñuñoa, Santiago de Chile",Bowling,4efa63ebb8f72ebeaaef6a17,3,-33.46543176997431,-70.59776973175583,Bowling Alley
Barrio José Pedro Alessandri,-33.46369489817161,-70.59825452761936,"Ñuñoa, Santiago de Chile",Farmacias Cruz Verde,4e36c44a1f6e9e21ad5bbace,1,-33.46485445773561,-70.59708052687306,Pharmacy
Barrio José Pedro Alessandri,-33.46369489817161,-70.59825452761936,"Ñuñoa, Santiago de Chile",Fuh Hou,4d30ec4ae7df5481fc7cd207,51,-33.46442812773044,-70.60047797883226,Chinese Restaurant
Barrio José Pedro Alessandri,-33.46369489817161,-70.59825452761936,"Ñuñoa, Santiago de Chile",Shell Select,4e607f6d814d386f759349a9,4,-33.465184735438804,-70.59845679705661,Food & Drink Shop
Barrio José Pedro Alessandri,-33.46369489817161,-70.59825452761936,"Ñuñoa, Santiago de Chile",Salcobrand,4ddbc4c245ddf752bfc8972b,0,-33.46479043585385,-70.59771528761283,Pharmacy
Barrio José Pedro Alessandri,-33.46369489817161,-70.59825452761936,"Ñuñoa, Santiago de Chile",CAT,4e864c307ee64ca882286de3,0,-33.46480316879224,-70.59794082932949,Department Store
Barrio José Pedro Alessandri,-33.46369489817161,-70.59825452761936,"Ñuñoa, Santiago de Chile",Foster,4eff08406da1cd03581339de,1,-33.46501416653495,-70.5973355794173,Boutique
Barrio Regina Pacis,-33.4488796996227,-70.59592226552357,"Ñuñoa, Santiago de Chile",Escuela Audiomusica,505de360e4b082c6aa67717f,8,-33.44925107133874,-70.59716062999473,Music School
Barrio Regina Pacis,-33.4488796996227,-70.59592226552357,"Ñuñoa, Santiago de Chile",Reebok CrossFit Cordillera,4f591fa9e4b0c3218cc1b25d,42,-33.4477376184753,-70.5937874709551,Gym
Barrio Regina Pacis,-33.4488796996227,-70.59592226552357,"Ñuñoa, Santiago de Chile",La Fraternal,4da0d2bbc6e96ea87476b35d,131,-33.44946927353597,-70.59580211619343,Café
Barrio Regina Pacis,-33.4488796996227,-70.59592226552357,"Ñuñoa, Santiago de Chile",Cancha Futbolito Sucre,4d9726362bd6f04d61914750,10,-33.44851326843095,-70.5991192339082,Soccer Field
Barrio Regina Pacis,-33.4488796996227,-70.59592226552357,"Ñuñoa, Santiago de Chile",Pastelería Pom Pan,4c0e848a336220a1d357cc77,9,-33.44925269037216,-70.59718399644646,Bakery
Barrio Regina Pacis,-33.4488796996227,-70.59592226552357,"Ñuñoa, Santiago de Chile",El Tamiz,4e0d1024ae603a50b535a2f9,7,-33.449315280001954,-70.597236819193,Bakery
Barrio Regina Pacis,-33.4488796996227,-70.59592226552357,"Ñuñoa, Santiago de Chile",Outlet Mascotas,4d935363b189721ed914352a,22,-33.447855142357255,-70.59885234202193,Pet Store
Barrio Regina Pacis,-33.4488796996227,-70.59592226552357,"Ñuñoa, Santiago de Chile",Lian Wa,4be9f245415e20a19681e4bb,28,-33.44887309054009,-70.59299800822424,Chinese Restaurant
Barrio Regina Pacis,-33.4488796996227,-70.59592226552357,"Ñuñoa, Santiago de Chile",Salcobrand,51ed6c6f498ec54f45050f75,4,-33.449208510685175,-70.59727574233436,Pharmacy
Barrio Regina Pacis,-33.4488796996227,-70.59592226552357,"Ñuñoa, Santiago de Chile",Sushi Mei,4d1003b15584f04d7d635516,7,-33.447696,-70.59867996009356,Sushi Restaurant
Barrio El Aguilucho,-33.44381999999996,-70.59824999999995,"Ñuñoa, Santiago de Chile",Rincón do Açai,4e4c31b245dde1d209dc7bc7,59,-33.44532741867336,-70.59734523296356,Brazilian Restaurant
Barrio El Aguilucho,-33.44381999999996,-70.59824999999995,"Ñuñoa, Santiago de Chile",Cerro Pasco Paddle Club,4c0451469a7920a15127d179,30,-33.442591795521,-70.5968231571375,Gym / Fitness Center
Barrio El Aguilucho,-33.44381999999996,-70.59824999999995,"Ñuñoa, Santiago de Chile",El Meson de Cipres,52338ff911d2a7e96f126247,10,-33.44326236052668,-70.59760862228815,Coffee Shop
Barrio El Aguilucho,-33.44381999999996,-70.59824999999995,"Ñuñoa, Santiago de Chile",Dulce Mercadito,55c634e3498ec4095b6ea359,7,-33.442846,-70.595294,Diner
Barrio El Aguilucho,-33.44381999999996,-70.59824999999995,"Ñuñoa, Santiago de Chile",Centro Deportivo El Aguilucho,4b58d6b7f964a520fc6d28e3,44,-33.4430741140652,-70.59892888233705,Gym
Barrio El Aguilucho,-33.44381999999996,-70.59824999999995,"Ñuñoa, Santiago de Chile",Plaza 18 de Septiembre,4b69fca9f964a520eabf2be3,37,-33.444642567258946,-70.59872388839722,Plaza
Barrio El Aguilucho,-33.44381999999996,-70.59824999999995,"Ñuñoa, Santiago de Chile",Telas Atriles,4da4ca569aa4721eef4e3f1a,8,-33.4449738032587,-70.59759736061096,Arts & Crafts Store
Barrio El Aguilucho,-33.44381999999996,-70.59824999999995,"Ñuñoa, Santiago de Chile",Clinica Vet Petcare,4ca73f20d971b1f7e5db07e1,5,-33.444851,-70.597615,Pet Store
Barrio El Aguilucho,-33.44381999999996,-70.59824999999995,"Ñuñoa, Santiago de Chile",Líquidos,4c6c2832e6b7b1f77f3aa68e,37,-33.44463191812317,-70.59967549792697,Liquor Store
Barrio El Aguilucho,-33.44381999999996,-70.59824999999995,"Ñuñoa, Santiago de Chile",Verdani,4bdb754c63c5c9b6e3232868,4,-33.44455069107172,-70.59927292496054,Café
Barrio El Aguilucho,-33.44381999999996,-70.59824999999995,"Ñuñoa, Santiago de Chile",Restaurant Flor Oriental,4c7b146093ef236a36c4b40f,13,-33.44517842613031,-70.59742989711498,Chinese Restaurant
Barrio El Aguilucho,-33.44381999999996,-70.59824999999995,"Ñuñoa, Santiago de Chile",Pasco Club,534eecfc498e54eb94a8cc3b,5,-33.44240540918425,-70.59677851985089,Recreation Center
Barrio El Aguilucho,-33.44381999999996,-70.59824999999995,"Ñuñoa, Santiago de Chile",Santiago Pet Store,4daf562ff7b149e03f32128c,13,-33.44602041789738,-70.59643768920436,Pet Store
Barrio El Aguilucho,-33.44381999999996,-70.59824999999995,"Ñuñoa, Santiago de Chile",La Espiga,4bb7ac8e53649c74fc1446fb,21,-33.44631383507338,-70.59714333211396,Bakery
Barrio El Aguilucho,-33.44381999999996,-70.59824999999995,"Ñuñoa, Santiago de Chile",Farmacia Cruz Verde,578ebbfc498e4b9bf3dcf867,1,-33.445319,-70.597134,Pharmacy
Barrio El Aguilucho,-33.44381999999996,-70.59824999999995,"Ñuñoa, Santiago de Chile",Restaurant Sal y Pimienta,4b630dfcf964a52013602ae3,9,-33.44174749205494,-70.59944279839694,Restaurant
Barrio El Aguilucho,-33.44381999999996,-70.59824999999995,"Ñuñoa, Santiago de Chile",Mercado Diego De Almagro,4f04a4146da1b97b167245f8,32,-33.44169017300585,-70.59915238501915,Farmers Market
Barrio El Aguilucho,-33.44381999999996,-70.59824999999995,"Ñuñoa, Santiago de Chile",Recorrido 104 Transantiago,4d5147383626a093f7a322bd,1,-33.442313183342655,-70.59946763358568,Bus Line
Barrio El Aguilucho,-33.44381999999996,-70.59824999999995,"Ñuñoa, Santiago de Chile",El Esquinazo,4e9dbd38b803b7506dbe6ed8,21,-33.44476958138165,-70.60120018710798,Restaurant
Barrio Villaseca,-33.44975503185708,-70.60375078046444,"Ñuñoa, Santiago de Chile",Pastelería Mozart,4bd34a4ab221c9b6ba5fd9d0,377,-33.45043,-70.605426,Bakery
Barrio Villaseca,-33.44975503185708,-70.60375078046444,"Ñuñoa, Santiago de Chile",Santelmo Pizza,4b65f79ff964a5208d0b2be3,31,-33.45004717877846,-70.60281834624429,Pizza Place
Barrio Villaseca,-33.44975503185708,-70.60375078046444,"Ñuñoa, Santiago de Chile",Wua-Wua,4c9e65912fb1a143d831ea40,14,-33.44932405763849,-70.60537188467659,Kids Store
Barrio Villaseca,-33.44975503185708,-70.60375078046444,"Ñuñoa, Santiago de Chile",Melt Pizzas,5bb115e24f0e58002ce7aa34,6,-33.448661,-70.605426,Pizza Place
Barrio Villaseca,-33.44975503185708,-70.60375078046444,"Ñuñoa, Santiago de Chile",Jardín Español,4e909a2e722ebb868bc4c6e1,8,-33.44862686205281,-70.60086407272014,Flower Shop
Barrio Villaseca,-33.44975503185708,-70.60375078046444,"Ñuñoa, Santiago de Chile",Hong Ri,4cf062bec9af6dcb3187927f,4,-33.45083316772204,-70.60514338430819,Chinese Restaurant
Barrio Villaseca,-33.44975503185708,-70.60375078046444,"Ñuñoa, Santiago de Chile",Wong-Ting,4bae55cbf964a52053a43be3,6,-33.44946516975422,-70.60548896099031,Chinese Restaurant
Barrio Villaseca,-33.44975503185708,-70.60375078046444,"Ñuñoa, Santiago de Chile",il castello,52854a2811d222ec5ff845b2,15,-33.448366389422596,-70.60276178244119,Bakery
Barrio Villaseca,-33.44975503185708,-70.60375078046444,"Ñuñoa, Santiago de Chile",El pizza pollo,51055ed0e4b0e893fc94623c,6,-33.44825439568759,-70.60138473168813,Fried Chicken Joint
Barrio Villaseca,-33.44975503185708,-70.60375078046444,"Ñuñoa, Santiago de Chile",Casa Conejo,59335c3fc9f9071ab3eb85a7,39,-33.44808821473095,-70.60597696762197,Bar
Barrio Villaseca,-33.44975503185708,-70.60375078046444,"Ñuñoa, Santiago de Chile",Urban Coffee,54c00396498eb9899e793e28,4,-33.45034046029062,-70.6036968583202,Snack Place
Barrio Villaseca,-33.44975503185708,-70.60375078046444,"Ñuñoa, Santiago de Chile",Cruz verde local 63,53331516498e79e6517e5cbe,6,-33.45024216453778,-70.60202957211052,Pharmacy
Barrio Villaseca,-33.44975503185708,-70.60375078046444,"Ñuñoa, Santiago de Chile",Big Bang Sushi,5503a4f5498e67b790c4c7a7,0,-33.448819,-70.606142,Sushi Restaurant
Barrio Plaza Sucre,-33.46170943237828,-70.58549728537099,"Ñuñoa, Santiago de Chile",Los Pincheira,4b5a2e72f964a5207fb228e3,136,-33.4617441726923,-70.58469672921225,Hot Dog Joint
Barrio Plaza Sucre,-33.46170943237828,-70.58549728537099,"Ñuñoa, Santiago de Chile",Panaderia Los Cerezos,4dc6bb0c45dd264552906c53,10,-33.462374394060554,-70.58707603011416,Bakery
Barrio Plaza Sucre,-33.46170943237828,-70.58549728537099,"Ñuñoa, Santiago de Chile",Botilleria Unicornio Azul,4f3ec652e4b0a793b31b99e2,2,-33.462363309362935,-70.58718641144095,Food & Drink Shop
Barrio Plaza Sucre,-33.46170943237828,-70.58549728537099,"Ñuñoa, Santiago de Chile",Il Pollo Italiano,4e29a898e4cd6c6cb3535765,0,-33.4619682481631,-70.58459534859183,Fast Food Restaurant
Barrio Suboficiales de Caballería,-33.455209999999965,-70.59387999999996,"Ñuñoa, Santiago de Chile",La Finestra,5215510011d2380fd1ffce9e,310,-33.45567369384937,-70.5947764348526,Italian Restaurant
Barrio Suboficiales de Caballería,-33.455209999999965,-70.59387999999996,"Ñuñoa, Santiago de Chile",Fuente Suiza,4b5884e3f964a520c55b28e3,925,-33.45525860794065,-70.5960106773589,Sandwich Place
Barrio Suboficiales de Caballería,-33.455209999999965,-70.59387999999996,"Ñuñoa, Santiago de Chile",La Vinocracia,55f75a0e498e709df422013f,91,-33.45513017666054,-70.59472778942035,Wine Bar
Barrio Suboficiales de Caballería,-33.455209999999965,-70.59387999999996,"Ñuñoa, Santiago de Chile",Teatro Universidad Católica,4c9e90422fb1a143f7f0eb40,149,-33.45494448727658,-70.59404909820411,Theater
Barrio Suboficiales de Caballería,-33.455209999999965,-70.59387999999996,"Ñuñoa, Santiago de Chile",Pasteleria Maffi,4e79ee92ae60757c757732d7,24,-33.45531969492879,-70.5917067355486,Cupcake Shop
Barrio Suboficiales de Caballería,-33.455209999999965,-70.59387999999996,"Ñuñoa, Santiago de Chile",La Destileria,4d7acd7b51a3a093cc689bb3,422,-33.4537242342717,-70.59304550910485,Distillery
Barrio Suboficiales de Caballería,-33.455209999999965,-70.59387999999996,"Ñuñoa, Santiago de Chile",Rock&Guitarras,4ce851e3baa6a1cdad462d6c,11,-33.4564400306619,-70.59533229219622,Rock Club
Barrio Suboficiales de Caballería,-33.455209999999965,-70.59387999999996,"Ñuñoa, Santiago de Chile",Gimnasio Club Ñuñoa Plaza,4f6752efe4b08383b42d5e13,40,-33.453909339239694,-70.59244937369364,Gym
Barrio Suboficiales de Caballería,-33.455209999999965,-70.59387999999996,"Ñuñoa, Santiago de Chile",Sajj Comida Árabe,55457d48498e6f518bcbcfde,81,-33.455165586077115,-70.59651254947521,Middle Eastern Restaurant
Barrio Suboficiales de Caballería,-33.455209999999965,-70.59387999999996,"Ñuñoa, Santiago de Chile",La Batuta,4b5a845ff964a52044c928e3,278,-33.45467205221149,-70.59433970181026,Rock Club
Barrio Suboficiales de Caballería,-33.455209999999965,-70.59387999999996,"Ñuñoa, Santiago de Chile",Uncle Fletch,56e8a77bcd10addfbede23c8,198,-33.453905855037874,-70.59377287698642,Burger Joint
Barrio Suboficiales de Caballería,-33.455209999999965,-70.59387999999996,"Ñuñoa, Santiago de Chile",La Huamantanga - Fuente Peruana,5b5cb621826444003927a93c,10,-33.455181,-70.596909,Sandwich Place
Barrio Suboficiales de Caballería,-33.455209999999965,-70.59387999999996,"Ñuñoa, Santiago de Chile",La Batuta,4f597530e4b02c05d9df077e,13,-33.45467945146016,-70.59430305062796,Concert Hall
Barrio Suboficiales de Caballería,-33.455209999999965,-70.59387999999996,"Ñuñoa, Santiago de Chile",Mr. Fish,50dc7ba4e4b0add0e0f67972,298,-33.45512956784755,-70.59710354574817,Fish & Chips Shop
Barrio Suboficiales de Caballería,-33.455209999999965,-70.59387999999996,"Ñuñoa, Santiago de Chile",Panatura,5692d6d0498eb438cda32287,19,-33.455017588533366,-70.59707232313566,Vegetarian / Vegan Restaurant
Barrio Suboficiales de Caballería,-33.455209999999965,-70.59387999999996,"Ñuñoa, Santiago de Chile",Como En Lima,4ca69b1db0b8236a944fa1e6,94,-33.45456194657859,-70.59322754163135,Peruvian Restaurant
Barrio Suboficiales de Caballería,-33.455209999999965,-70.59387999999996,"Ñuñoa, Santiago de Chile",Salas 214,4c197604838020a11fd6e561,16,-33.4530630191147,-70.5931984391822,Concert Hall
Barrio Suboficiales de Caballería,-33.455209999999965,-70.59387999999996,"Ñuñoa, Santiago de Chile",La Taverna della Piazza,4b5399abf964a5201ea427e3,138,-33.455274049521336,-70.59304549993107,Italian Restaurant
Barrio Suboficiales de Caballería,-33.455209999999965,-70.59387999999996,"Ñuñoa, Santiago de Chile",Helados Filippo,4be6fc728a8cb7135e88c4a0,80,-33.45529747588973,-70.59424521308082,Ice Cream Shop
Barrio Suboficiales de Caballería,-33.455209999999965,-70.59387999999996,"Ñuñoa, Santiago de Chile",Taxco,4b982e1bf964a520f13135e3,116,-33.45371413631455,-70.59371139396141,Mexican Restaurant
Barrio Guillermo Franke,-33.44958673272257,-70.61559000346672,"Ñuñoa, Santiago de Chile",Trattoria della Piazza,57dc2a21498ebe11d6976396,25,-33.449519905260175,-70.61678767690825,Italian Restaurant
Barrio Guillermo Franke,-33.44958673272257,-70.61559000346672,"Ñuñoa, Santiago de Chile",San Remo,512b8dc8e4b0fb3845b3ec34,85,-33.448784567716324,-70.61625872105607,Restaurant
Barrio Guillermo Franke,-33.44958673272257,-70.61559000346672,"Ñuñoa, Santiago de Chile",Filomena Café,5bdef5e0d552c7002cdf4fb8,6,-33.447967,-70.616566,Café
Barrio Guillermo Franke,-33.44958673272257,-70.61559000346672,"Ñuñoa, Santiago de Chile",Tarbush,4c449420429a0f4735f0481e,17,-33.44985008139634,-70.61315789494519,Middle Eastern Restaurant
Barrio Guillermo Franke,-33.44958673272257,-70.61559000346672,"Ñuñoa, Santiago de Chile",Bakery To Go,59887d896cf01a7e3821e923,11,-33.447586,-70.61663,Bakery
Barrio Guillermo Franke,-33.44958673272257,-70.61559000346672,"Ñuñoa, Santiago de Chile",Plaza Guillermo Franke,4c2f7a38a0ced13a0f97106e,79,-33.448519902351606,-70.61673286735892,Plaza
Barrio Guillermo Franke,-33.44958673272257,-70.61559000346672,"Ñuñoa, Santiago de Chile",Pasteleria Sueños de Julian,4f454c49e4b0e16ae5f04723,5,-33.447999496496664,-70.61357265437704,Café
Barrio Guillermo Franke,-33.44958673272257,-70.61559000346672,"Ñuñoa, Santiago de Chile",Academia De Espectáculo De Hugo Hurrutia,4e0e7bce45ddc2c6d178dc5d,6,-33.44909488953508,-70.61856217989448,Dance Studio
Barrio Guillermo Franke,-33.44958673272257,-70.61559000346672,"Ñuñoa, Santiago de Chile",Strindberg Pasteleria Fina,4c963b4882b56dcbc496dfaa,81,-33.44938752099357,-70.61599712532553,Café
Barrio Guillermo Franke,-33.44958673272257,-70.61559000346672,"Ñuñoa, Santiago de Chile",La K-Cerola,4ca0d4b454c8a1cde919a34b,10,-33.448340905951966,-70.61353198973308,American Restaurant
Barrio Guillermo Franke,-33.44958673272257,-70.61559000346672,"Ñuñoa, Santiago de Chile",El gran huascaran,547a1900498e29745dc348ab,15,-33.44780671370562,-70.61368210032174,Peruvian Restaurant
Barrio Guillermo Franke,-33.44958673272257,-70.61559000346672,"Ñuñoa, Santiago de Chile",Premium Pet,58f8d758b6eedb19978499f2,4,-33.45116037836343,-70.61308818563101,Pet Service
Barrio Guillermo Franke,-33.44958673272257,-70.61559000346672,"Ñuñoa, Santiago de Chile",Café del Mundo,4b65fa25f964a520250c2be3,38,-33.449433904775766,-70.61630812637124,Café
Barrio Guillermo Franke,-33.44958673272257,-70.61559000346672,"Ñuñoa, Santiago de Chile",Sucre Lounge,5278152811d201faff59b9d7,5,-33.44951609833213,-70.61679676851512,Bar
Barrio Guillermo Franke,-33.44958673272257,-70.61559000346672,"Ñuñoa, Santiago de Chile",Xin Yi Dai,4ead7d9f9adf5c72de53be51,5,-33.44808145362123,-70.61361170435336,Chinese Restaurant
Barrio Italia,-33.45097767508473,-70.62371906998675,"Ñuñoa, Santiago de Chile",Despensa 1893,4e29c81c63658da3a960afb8,16,-33.449619747665906,-70.62414484814212,Gourmet Shop
Barrio Italia,-33.45097767508473,-70.62371906998675,"Ñuñoa, Santiago de Chile",Xoco por Ti,523486ee7e489d9d2c2f3b6e,163,-33.4493864584605,-70.62391102666648,Snack Place
Barrio Italia,-33.45097767508473,-70.62371906998675,"Ñuñoa, Santiago de Chile",Fuente Italia,55b2cceb498ec2cf9e1d5d4c,85,-33.450140709337695,-70.62490007400689,Sandwich Place
Barrio Italia,-33.45097767508473,-70.62371906998675,"Ñuñoa, Santiago de Chile",El Gusto Peruano,560c2178498e191b70522853,66,-33.45061065779798,-70.62393432006016,Latin American Restaurant
Barrio Italia,-33.45097767508473,-70.62371906998675,"Ñuñoa, Santiago de Chile","Sandwich, HAMS and Coffee",55141e4b498e65c4d059f9e8,26,-33.45068498716301,-70.62448314750728,Coffee Shop
Barrio Italia,-33.45097767508473,-70.62371906998675,"Ñuñoa, Santiago de Chile",La Italiana,56ad1fff498eddf7b935254c,26,-33.449385540810866,-70.62436092134519,Ice Cream Shop
Barrio Italia,-33.45097767508473,-70.62371906998675,"Ñuñoa, Santiago de Chile",MásKe Libros,5077344a8302ec3d5c61eac4,23,-33.44939872946604,-70.62436028304658,Bookstore
Barrio Italia,-33.45097767508473,-70.62371906998675,"Ñuñoa, Santiago de Chile",Espacio Imagine,4f95d859e4b024c1fcd9df00,34,-33.449122673840435,-70.62511572623943,Dance Studio
Barrio Italia,-33.45097767508473,-70.62371906998675,"Ñuñoa, Santiago de Chile",La Casa del Chef,4c7065b5d97fa1435c15f6ca,101,-33.453089040366805,-70.62366850800099,Peruvian Restaurant
Barrio Italia,-33.45097767508473,-70.62371906998675,"Ñuñoa, Santiago de Chile",Festa Gelateria,566716dd498e76492c032088,34,-33.44876340750018,-70.62441501635897,Ice Cream Shop
Barrio Italia,-33.45097767508473,-70.62371906998675,"Ñuñoa, Santiago de Chile",Canela en Rama Café,52f14ad111d26e9391a6c495,10,-33.44938270251641,-70.62397956848145,Café
Barrio Italia,-33.45097767508473,-70.62371906998675,"Ñuñoa, Santiago de Chile",Italia 1805,50a67685e4b0453ba8dc580b,8,-33.4508953887709,-70.6238707990166,Furniture / Home Store
Barrio Italia,-33.45097767508473,-70.62371906998675,"Ñuñoa, Santiago de Chile",Da Noi,4b55adf7f964a52089eb27e3,710,-33.4507787972358,-70.62388499388167,Italian Restaurant
Barrio Italia,-33.45097767508473,-70.62371906998675,"Ñuñoa, Santiago de Chile",Cambre Studio,52d59385498eed6d46fb2405,9,-33.450458036899825,-70.62232009698879,Gym / Fitness Center
Barrio Italia,-33.45097767508473,-70.62371906998675,"Ñuñoa, Santiago de Chile",Papa John's,56ba7ff6498e875d19649cb7,15,-33.44972656942828,-70.6215893315587,Pizza Place
Barrio Italia,-33.45097767508473,-70.62371906998675,"Ñuñoa, Santiago de Chile",Vega Italia,5b79b1b989ad46002471f62f,8,-33.45152,-70.623473,Shopping Plaza
Barrio Italia,-33.45097767508473,-70.62371906998675,"Ñuñoa, Santiago de Chile",Academia Choy Lee Fut,4beac71162c0c928373ae1d4,19,-33.45195394191967,-70.62121703091324,Martial Arts School
Barrio Italia,-33.45097767508473,-70.62371906998675,"Ñuñoa, Santiago de Chile",Café Cariño,5acfefcdeb449955cb660828,6,-33.450706,-70.62364,Coffee Shop
Barrio Italia,-33.45097767508473,-70.62371906998675,"Ñuñoa, Santiago de Chile",Bar Bulnes,59ea8e54dee77079171166b4,23,-33.44845788707874,-70.62442853184632,Bar
Barrio Italia,-33.45097767508473,-70.62371906998675,"Ñuñoa, Santiago de Chile",El Merendero Q'Pasapalo,54c2fda2498ee5614375a8a6,115,-33.44874938049217,-70.62333448627385,Venezuelan Restaurant
Barrio Pedro de Valvidia,-33.45378133445542,-70.62896595251955,"Ñuñoa, Santiago de Chile",XS Market,5114ff3ae4b08d16e436b0ff,4,-33.454689025878906,-70.6280746459961,Candy Store
Barrio Pedro de Valvidia,-33.45378133445542,-70.62896595251955,"Ñuñoa, Santiago de Chile",Restaurant Brisas Del Huascaran,50ba463ee4b05d0a8e408d76,34,-33.45368018583458,-70.62874671950219,Peruvian Restaurant
Barrio Pedro de Valvidia,-33.45378133445542,-70.62896595251955,"Ñuñoa, Santiago de Chile",Sushi Ota,54e67081498e9257e08aa878,31,-33.45313440634929,-70.63066873484566,Japanese Restaurant
Barrio Pedro de Valvidia,-33.45378133445542,-70.62896595251955,"Ñuñoa, Santiago de Chile",Kiosco Roca,58fffa1bd48ec15bc0cf1ce0,48,-33.45209737868092,-70.6305046005481,Diner
Barrio Pedro de Valvidia,-33.45378133445542,-70.62896595251955,"Ñuñoa, Santiago de Chile",Toro Toro,5366a264498ef8bbfd11dd64,27,-33.45321890173237,-70.63073221749899,Sandwich Place
Barrio Pedro de Valvidia,-33.45378133445542,-70.62896595251955,"Ñuñoa, Santiago de Chile",Cafetería Pedro de Oña,4f70855fe4b03b575eea7c4e,12,-33.45385218591301,-70.62904845453428,Breakfast Spot
Barrio Pedro de Valvidia,-33.45378133445542,-70.62896595251955,"Ñuñoa, Santiago de Chile",La Bamba,4bd2bca29854d13ac940fc4d,53,-33.45422691256428,-70.63016986239066,Sandwich Place
Barrio Pedro de Valvidia,-33.45378133445542,-70.62896595251955,"Ñuñoa, Santiago de Chile",Restaurant Xin Sun Fung,4f09de42e4b0e8ed3901172f,4,-33.45523789273298,-70.63012081806963,Chinese Restaurant
Barrio Pedro de Valvidia,-33.45378133445542,-70.62896595251955,"Ñuñoa, Santiago de Chile",Super Sandwich,51006f07e4b073cacb04e954,6,-33.45365839782093,-70.62878680197998,Sandwich Place
Barrio Pedro de Valvidia,-33.45378133445542,-70.62896595251955,"Ñuñoa, Santiago de Chile",Rock The Food,50f1ad18fe70e3728f93f453,41,-33.45249313790546,-70.63068587476683,Sushi Restaurant
Barrio Pedro de Valvidia,-33.45378133445542,-70.62896595251955,"Ñuñoa, Santiago de Chile",Rincon Exquisito,4cafd859aef16dcb7d2eac54,5,-33.45222496968921,-70.6293932871883,Beer Garden
Barrio Pedro de Valvidia,-33.45378133445542,-70.62896595251955,"Ñuñoa, Santiago de Chile",Salcobrand,5081e444e4b0fedebd61a7c4,7,-33.45511070457135,-70.6273202062437,Pharmacy
Barrio Pedro de Valvidia,-33.45378133445542,-70.62896595251955,"Ñuñoa, Santiago de Chile",Maicao,4dac860ccda1652a2bb9fee6,4,-33.455212580339584,-70.62858929411388,Cosmetics Shop
Barrio Pedro de Valvidia,-33.45378133445542,-70.62896595251955,"Ñuñoa, Santiago de Chile",Restaurant Yang Jia,4c2fc9da66e40f476d96c28b,20,-33.45389634638078,-70.6302569640562,Chinese Restaurant
Barrio Pedro de Valvidia,-33.45378133445542,-70.62896595251955,"Ñuñoa, Santiago de Chile",Pisco Y Sabor,586d2e33de0cbc35d751e47c,2,-33.45489,-70.63008,Restaurant
Barrio Pedro de Valvidia,-33.45378133445542,-70.62896595251955,"Ñuñoa, Santiago de Chile",Dagorret,4f0dc1f5e4b0a8783daaf4d6,1,-33.45376332286935,-70.63030877168588,Boutique
Barrio Pedro de Valvidia,-33.45378133445542,-70.62896595251955,"Ñuñoa, Santiago de Chile",Parada 12 - Metro Irarrázaval (PD427),5123f7ace4b09e75f6ca4daa,0,-33.4536884365343,-70.62888264656067,Bus Station
Barrio Pedro de Valvidia,-33.45378133445542,-70.62896595251955,"Ñuñoa, Santiago de Chile",Guang Yen,4bac0d25f964a520d9e03ae3,4,-33.45183209869713,-70.6309477651824,Asian Restaurant
Barrio Pedro de Valvidia,-33.45378133445542,-70.62896595251955,"Ñuñoa, Santiago de Chile",Monarch,4edfb96377c8c05f36c27cdc,1,-33.455434072703305,-70.62987890285942,Lingerie Store
Barrio Pedro de Valvidia,-33.45378133445542,-70.62896595251955,"Ñuñoa, Santiago de Chile",Zagal,4e592f1918502317a8ac0c03,1,-33.45261973167329,-70.63071540401182,Sandwich Place
Barrio Plaza Zañartu,-33.47262999999998,-70.60657999999995,"Ñuñoa, Santiago de Chile",Panaderia y Pastelería Las Rias,4b8047c3f964a520b86330e3,64,-33.4721919135635,-70.60637796347275,Bakery
Barrio Plaza Zañartu,-33.47262999999998,-70.60657999999995,"Ñuñoa, Santiago de Chile",Pizzaland,519819bb498e0aeee4681a7a,15,-33.47395631847838,-70.60430114892009,Pizza Place
Barrio Plaza Zañartu,-33.47262999999998,-70.60657999999995,"Ñuñoa, Santiago de Chile",Donde Camilo,4e4eb42852b1e893ad508116,9,-33.47206113820815,-70.60621735251196,Peruvian Restaurant
Barrio Plaza Zañartu,-33.47262999999998,-70.60657999999995,"Ñuñoa, Santiago de Chile",Zhong Xin,4dc1a6d045dd472e9b7cd582,4,-33.471766,-70.606381,Chinese Restaurant
Barrio Plaza Zañartu,-33.47262999999998,-70.60657999999995,"Ñuñoa, Santiago de Chile",Plaza Zañartu,4dc70ed9b0fb5556cd1931bc,6,-33.472438239319644,-70.60606125805415,Plaza
Barrio Plaza Zañartu,-33.47262999999998,-70.60657999999995,"Ñuñoa, Santiago de Chile",Shoperia Sobarzo,52bcdd6711d22fac5a7a0bf9,6,-33.47406870232654,-70.60657828744823,Brewery
Barrio Plaza Zañartu,-33.47262999999998,-70.60657999999995,"Ñuñoa, Santiago de Chile",Paradero PD44,4f367f6be4b00af178ea24a8,1,-33.47048,-70.6065,Bus Station
Barrio Plaza Zañartu,-33.47262999999998,-70.60657999999995,"Ñuñoa, Santiago de Chile",Feria Guillermo Mann,4d3048c22748b60cba2adaa0,3,-33.470406792147976,-70.60839079071572,Farmers Market
Barrio Simón Bolívar,-33.448525665261286,-70.59238064187863,"Ñuñoa, Santiago de Chile",Care & Massage,4cd579d22944b1f7a6315dec,13,-33.448309844138976,-70.59130694472199,Cosmetics Shop
Barrio Simón Bolívar,-33.448525665261286,-70.59238064187863,"Ñuñoa, Santiago de Chile",Reebok CrossFit Cordillera,4f591fa9e4b0c3218cc1b25d,42,-33.4477376184753,-70.5937874709551,Gym
Barrio Simón Bolívar,-33.448525665261286,-70.59238064187863,"Ñuñoa, Santiago de Chile",El Tío Manolo,4f7651aee4b06ff8352ec561,105,-33.44915453994041,-70.59020513483112,Fast Food Restaurant
Barrio Simón Bolívar,-33.448525665261286,-70.59238064187863,"Ñuñoa, Santiago de Chile",Amasandería Maruja,4b87097ef964a520d9ac31e3,5,-33.448567008123916,-70.5906257585618,Bakery
Barrio Simón Bolívar,-33.448525665261286,-70.59238064187863,"Ñuñoa, Santiago de Chile",Lian Wa,4be9f245415e20a19681e4bb,28,-33.44887309054009,-70.59299800822424,Chinese Restaurant
Barrio Simón Bolívar,-33.448525665261286,-70.59238064187863,"Ñuñoa, Santiago de Chile",Café La Bicicleta,4be9e5d9a9900f4716ea1540,10,-33.44843760629708,-70.59224068811139,Coffee Shop
Barrio Simón Bolívar,-33.448525665261286,-70.59238064187863,"Ñuñoa, Santiago de Chile",Polos Pollos,4c8fcb7904a1b60c5f13a23e,10,-33.448645926304486,-70.59063939810737,Fast Food Restaurant
Barrio Simón Bolívar,-33.448525665261286,-70.59238064187863,"Ñuñoa, Santiago de Chile",Soko,4b8bf4f9f964a5209fb432e3,10,-33.448760756667944,-70.59132049007536,Sushi Restaurant
Barrio Parque del Deporte,-33.46015324235977,-70.60981517038425,"Ñuñoa, Santiago de Chile",Pastelería Tradición Pompadour,4f3ab34a6b74f346e09f51ae,5,-33.45910762219555,-70.60696170215532,Pie Shop
Barrio Parque del Deporte,-33.46015324235977,-70.60981517038425,"Ñuñoa, Santiago de Chile",La Esquina Limeña,4dced070b0fb25f6e34dc8df,97,-33.45823327837319,-70.61181212328432,South American Restaurant
Barrio Parque del Deporte,-33.46015324235977,-70.60981517038425,"Ñuñoa, Santiago de Chile",Salas de ensayo Grecia,5172b4bae4b0f71f6ad7079f,12,-33.46170649409939,-70.6112984603303,Music Venue
Barrio Parque del Deporte,-33.46015324235977,-70.60981517038425,"Ñuñoa, Santiago de Chile",Todo Fruta,4cf133fd1c158cfad83fcfb5,7,-33.4578605064443,-70.60973273596572,Food Truck
Barrio Parque del Deporte,-33.46015324235977,-70.60981517038425,"Ñuñoa, Santiago de Chile",Montaña China,4c537d1ba724e21ea06bd0f4,32,-33.461768592762446,-70.60969040635922,Chinese Restaurant
Barrio Parque del Deporte,-33.46015324235977,-70.60981517038425,"Ñuñoa, Santiago de Chile",Paradero PD115,4e64b745c65b2dc8a095c0d5,0,-33.462165005326014,-70.60887336730957,Bus Line
Barrio Estadio Nacional,-33.46444,-70.61059,"Ñuñoa, Santiago de Chile",Estadio Nacional Julio Martínez Prádanos,4b531300f964a520298e27e3,2353,-33.4630182399185,-70.610441467483,Soccer Stadium
Barrio Estadio Nacional,-33.46444,-70.61059,"Ñuñoa, Santiago de Chile",Patinodromo CAR Estadio Nacional,4e7e3d7e9a526083966a06f0,7,-33.466045460242434,-70.61163817576727,Skating Rink
Barrio Estadio Nacional,-33.46444,-70.61059,"Ñuñoa, Santiago de Chile",Pista Atlética Estadio Nacional,4c6b37d40c3ac9b6d6bbd138,224,-33.46513653123558,-70.60870170593262,Track Stadium
Barrio Estadio Nacional,-33.46444,-70.61059,"Ñuñoa, Santiago de Chile",Court Central,4d70f57e766da143876256ad,12,-33.46277259449888,-70.61232925548116,Tennis Court
Barrio Estadio Nacional,-33.46444,-70.61059,"Ñuñoa, Santiago de Chile",Club de Tenis - Estadio Nacional,4dd934d0b0fb8af380b12bf9,12,-33.46268274115621,-70.61301496762864,Tennis Court
Barrio Estadio Nacional,-33.46444,-70.61059,"Ñuñoa, Santiago de Chile",Medialuna,4e75187fc65bb91db4375f57,2,-33.466585768195465,-70.61001739054987,Soccer Stadium
Barrio Estadio Nacional,-33.46444,-70.61059,"Ñuñoa, Santiago de Chile",Pista de Hockey y Patinaje Artístico,52597059498e02746c8632a8,3,-33.46588418981234,-70.61275936099142,Skating Rink
Barrio Estadio Nacional,-33.46444,-70.61059,"Ñuñoa, Santiago de Chile",Paradero PD115,4e64b745c65b2dc8a095c0d5,0,-33.462165005326014,-70.60887336730957,Bus Line
Barrio Irarrázaval,-33.45320912710022,-70.61926435307333,"Ñuñoa, Santiago de Chile",La Lucila,4fad7774e4b0b4524519855c,15,-33.45444961464909,-70.6182258285674,Tea Room
Barrio Irarrázaval,-33.45320912710022,-70.61926435307333,"Ñuñoa, Santiago de Chile",Academia Choy Lee Fut,4beac71162c0c928373ae1d4,19,-33.45195394191967,-70.62121703091324,Martial Arts School
Barrio Irarrázaval,-33.45320912710022,-70.61926435307333,"Ñuñoa, Santiago de Chile",La Sushiteka,52f00e5f498e20d62672840b,11,-33.453125,-70.61736297607422,Japanese Restaurant
Barrio Irarrázaval,-33.45320912710022,-70.61926435307333,"Ñuñoa, Santiago de Chile",Sala de Ensayo Lagarto,4d72d5b9fdee2c0f028dbb78,7,-33.453000884952104,-70.6213681969539,Music Venue
Barrio Irarrázaval,-33.45320912710022,-70.61926435307333,"Ñuñoa, Santiago de Chile",Mingus Coffee,5495fbc7498ed521a2a74ec9,19,-33.4535892494023,-70.6216582003981,Coffee Shop
Barrio Irarrázaval,-33.45320912710022,-70.61926435307333,"Ñuñoa, Santiago de Chile",BlueSense Restobar,4f24c0ffe4b047657a17c371,26,-33.45333892195634,-70.6201506266278,Asian Restaurant
Barrio Irarrázaval,-33.45320912710022,-70.61926435307333,"Ñuñoa, Santiago de Chile",House Rock & Blues,4b6b7562f964a520180a2ce3,82,-33.45424266517563,-70.62072214035074,Pub
Barrio Irarrázaval,-33.45320912710022,-70.61926435307333,"Ñuñoa, Santiago de Chile",Rikuzen Sushi,52be128c498efb0047a27ba7,6,-33.452354431152344,-70.62097930908203,Japanese Restaurant
Barrio Irarrázaval,-33.45320912710022,-70.61926435307333,"Ñuñoa, Santiago de Chile",Gold pizza,4d0bc4dddd5fa1cd97f45a89,3,-33.454505,-70.617894,Pizza Place
Barrio Irarrázaval,-33.45320912710022,-70.61926435307333,"Ñuñoa, Santiago de Chile",Bar El Ático,4bef7174d1b7d13ab9d4cdec,56,-33.453310078386096,-70.61984200684665,Bar
Barrio Irarrázaval,-33.45320912710022,-70.61926435307333,"Ñuñoa, Santiago de Chile",Punto Sabroso,54623c51498eda544ceb5035,14,-33.45306531139143,-70.61747956714677,Peruvian Restaurant
Barrio Irarrázaval,-33.45320912710022,-70.61926435307333,"Ñuñoa, Santiago de Chile",Chiledrink,4f11fb3ce4b01eefeec9a36a,1,-33.45350332340417,-70.62054368543052,Liquor Store
Barrio Irarrázaval,-33.45320912710022,-70.61926435307333,"Ñuñoa, Santiago de Chile",Caleido,531a85cd498e246981a80f0f,65,-33.45310966372074,-70.61683537016802,Nightclub
Barrio Hernán Cortés,-33.446044965389206,-70.59956491952741,"Ñuñoa, Santiago de Chile",La Piccata,4b65a5a3f964a520b2f72ae3,38,-33.44637110947557,-70.6009691068966,Restaurant
Barrio Hernán Cortés,-33.446044965389206,-70.59956491952741,"Ñuñoa, Santiago de Chile",Rincón do Açai,4e4c31b245dde1d209dc7bc7,59,-33.44532741867336,-70.59734523296356,Brazilian Restaurant
Barrio Hernán Cortés,-33.446044965389206,-70.59956491952741,"Ñuñoa, Santiago de Chile",Cancha Futbolito Sucre,4d9726362bd6f04d61914750,10,-33.44851326843095,-70.5991192339082,Soccer Field
Barrio Hernán Cortés,-33.446044965389206,-70.59956491952741,"Ñuñoa, Santiago de Chile",Outlet Mascotas,4d935363b189721ed914352a,22,-33.447855142357255,-70.59885234202193,Pet Store
Barrio Hernán Cortés,-33.446044965389206,-70.59956491952741,"Ñuñoa, Santiago de Chile",El Emir,5a14b7b3446ea625e46146cb,7,-33.445334,-70.602676,Lebanese Restaurant
Barrio Hernán Cortés,-33.446044965389206,-70.59956491952741,"Ñuñoa, Santiago de Chile",Plaza 18 de Septiembre,4b69fca9f964a520eabf2be3,37,-33.444642567258946,-70.59872388839722,Plaza
Barrio Hernán Cortés,-33.446044965389206,-70.59956491952741,"Ñuñoa, Santiago de Chile",El pizza pollo,51055ed0e4b0e893fc94623c,6,-33.44825439568759,-70.60138473168813,Fried Chicken Joint
Barrio Hernán Cortés,-33.446044965389206,-70.59956491952741,"Ñuñoa, Santiago de Chile",Telas Atriles,4da4ca569aa4721eef4e3f1a,8,-33.4449738032587,-70.59759736061096,Arts & Crafts Store
Barrio Hernán Cortés,-33.446044965389206,-70.59956491952741,"Ñuñoa, Santiago de Chile",Líquidos,4c6c2832e6b7b1f77f3aa68e,37,-33.44463191812317,-70.59967549792697,Liquor Store
Barrio Hernán Cortés,-33.446044965389206,-70.59956491952741,"Ñuñoa, Santiago de Chile",Verdani,4bdb754c63c5c9b6e3232868,4,-33.44455069107172,-70.59927292496054,Café
Barrio Hernán Cortés,-33.446044965389206,-70.59956491952741,"Ñuñoa, Santiago de Chile",Clinica Vet Petcare,4ca73f20d971b1f7e5db07e1,5,-33.444851,-70.597615,Pet Store
Barrio Hernán Cortés,-33.446044965389206,-70.59956491952741,"Ñuñoa, Santiago de Chile",La Espiga,4bb7ac8e53649c74fc1446fb,21,-33.44631383507338,-70.59714333211396,Bakery
Barrio Hernán Cortés,-33.446044965389206,-70.59956491952741,"Ñuñoa, Santiago de Chile",Restaurant Flor Oriental,4c7b146093ef236a36c4b40f,13,-33.44517842613031,-70.59742989711498,Chinese Restaurant
Barrio Hernán Cortés,-33.446044965389206,-70.59956491952741,"Ñuñoa, Santiago de Chile",Santiago Pet Store,4daf562ff7b149e03f32128c,13,-33.44602041789738,-70.59643768920436,Pet Store
Barrio Hernán Cortés,-33.446044965389206,-70.59956491952741,"Ñuñoa, Santiago de Chile",Panaderia Oriente,4b6afe18f964a52038eb2be3,18,-33.44655048505157,-70.60097974316773,Bakery
Barrio Hernán Cortés,-33.446044965389206,-70.59956491952741,"Ñuñoa, Santiago de Chile",Farmacia Cruz Verde,578ebbfc498e4b9bf3dcf867,1,-33.445319,-70.597134,Pharmacy
Barrio Hernán Cortés,-33.446044965389206,-70.59956491952741,"Ñuñoa, Santiago de Chile",Sushi Mei,4d1003b15584f04d7d635516,7,-33.447696,-70.59867996009356,Sushi Restaurant
Barrio Hernán Cortés,-33.446044965389206,-70.59956491952741,"Ñuñoa, Santiago de Chile",Salcobrand,4cc611a1b2beb1f7d360264c,23,-33.448270438205014,-70.60085741139484,Pharmacy
Barrio Hernán Cortés,-33.446044965389206,-70.59956491952741,"Ñuñoa, Santiago de Chile",Sushi Fresh,4f0e415d7716c5cc0ad5376d,4,-33.4475419583765,-70.60075968503952,Sushi Restaurant
Barrio Hernán Cortés,-33.446044965389206,-70.59956491952741,"Ñuñoa, Santiago de Chile",El Esquinazo,4e9dbd38b803b7506dbe6ed8,21,-33.44476958138165,-70.60120018710798,Restaurant
Barrio Suárez Mujica,-33.459779950072885,-70.6070349135469,"Ñuñoa, Santiago de Chile",PuntoMascotas,4f05af06e5facc333e4e1103,27,-33.458236506128046,-70.60564874915818,Pet Store
Barrio Suárez Mujica,-33.459779950072885,-70.6070349135469,"Ñuñoa, Santiago de Chile",Pastelería Tradición Pompadour,4f3ab34a6b74f346e09f51ae,5,-33.45910762219555,-70.60696170215532,Pie Shop
Barrio Suárez Mujica,-33.459779950072885,-70.6070349135469,"Ñuñoa, Santiago de Chile",Feria Juan Gomez Millas,4b642d07f964a52091a22ae3,48,-33.46035168147688,-70.60607615788619,Flea Market
Barrio Suárez Mujica,-33.459779950072885,-70.6070349135469,"Ñuñoa, Santiago de Chile",Doña Isidora,4cc9efac0a9ab1f7ee7818f4,1,-33.46036044162654,-70.6060844953419,Bakery
Barrio Suárez Mujica,-33.459779950072885,-70.6070349135469,"Ñuñoa, Santiago de Chile",Plaza Eusebio Lillo,4cd6c64adfb4a1cdb1c1605c,59,-33.460371836199585,-70.60610061974823,Plaza
Barrio Suárez Mujica,-33.459779950072885,-70.6070349135469,"Ñuñoa, Santiago de Chile",Papa John's,4c4f76a5a7351b8d6a4e1f93,145,-33.45756788068399,-70.60541315728139,Pizza Place
Barrio Suárez Mujica,-33.459779950072885,-70.6070349135469,"Ñuñoa, Santiago de Chile",Castillo Hamburger,55e37e13498e042767940946,57,-33.460342682799606,-70.60608826927657,Burger Joint
Barrio Suárez Mujica,-33.459779950072885,-70.6070349135469,"Ñuñoa, Santiago de Chile",Panificio,5746e324498e2b7c894be467,2,-33.460498,-70.605432,Bakery
Barrio Suárez Mujica,-33.459779950072885,-70.6070349135469,"Ñuñoa, Santiago de Chile",Parada 4 - Estadio Nacional (PD560),4e8ee0759adf0d7c3543a702,1,-33.46186328287447,-70.60652019428484,Bus Line
Barrio Suárez Mujica,-33.459779950072885,-70.6070349135469,"Ñuñoa, Santiago de Chile",Parada 2 - Estadio Nacional (PD582),500aaadce4b0629c8b2fb0ae,0,-33.46212920318799,-70.60758590698242,Bus Station
Barrio Industrial Lo Encalada,-33.455209999999965,-70.59387999999996,"Ñuñoa, Santiago de Chile",La Finestra,5215510011d2380fd1ffce9e,310,-33.45567369384937,-70.5947764348526,Italian Restaurant
Barrio Industrial Lo Encalada,-33.455209999999965,-70.59387999999996,"Ñuñoa, Santiago de Chile",Fuente Suiza,4b5884e3f964a520c55b28e3,925,-33.45525860794065,-70.5960106773589,Sandwich Place
Barrio Industrial Lo Encalada,-33.455209999999965,-70.59387999999996,"Ñuñoa, Santiago de Chile",La Vinocracia,55f75a0e498e709df422013f,91,-33.45513017666054,-70.59472778942035,Wine Bar
Barrio Industrial Lo Encalada,-33.455209999999965,-70.59387999999996,"Ñuñoa, Santiago de Chile",Teatro Universidad Católica,4c9e90422fb1a143f7f0eb40,149,-33.45494448727658,-70.59404909820411,Theater
Barrio Industrial Lo Encalada,-33.455209999999965,-70.59387999999996,"Ñuñoa, Santiago de Chile",Pasteleria Maffi,4e79ee92ae60757c757732d7,24,-33.45531969492879,-70.5917067355486,Cupcake Shop
Barrio Industrial Lo Encalada,-33.455209999999965,-70.59387999999996,"Ñuñoa, Santiago de Chile",La Destileria,4d7acd7b51a3a093cc689bb3,422,-33.4537242342717,-70.59304550910485,Distillery
Barrio Industrial Lo Encalada,-33.455209999999965,-70.59387999999996,"Ñuñoa, Santiago de Chile",Rock&Guitarras,4ce851e3baa6a1cdad462d6c,11,-33.4564400306619,-70.59533229219622,Rock Club
Barrio Industrial Lo Encalada,-33.455209999999965,-70.59387999999996,"Ñuñoa, Santiago de Chile",Gimnasio Club Ñuñoa Plaza,4f6752efe4b08383b42d5e13,40,-33.453909339239694,-70.59244937369364,Gym
Barrio Industrial Lo Encalada,-33.455209999999965,-70.59387999999996,"Ñuñoa, Santiago de Chile",Sajj Comida Árabe,55457d48498e6f518bcbcfde,81,-33.455165586077115,-70.59651254947521,Middle Eastern Restaurant
Barrio Industrial Lo Encalada,-33.455209999999965,-70.59387999999996,"Ñuñoa, Santiago de Chile",La Batuta,4b5a845ff964a52044c928e3,278,-33.45467205221149,-70.59433970181026,Rock Club
Barrio Industrial Lo Encalada,-33.455209999999965,-70.59387999999996,"Ñuñoa, Santiago de Chile",Uncle Fletch,56e8a77bcd10addfbede23c8,198,-33.453905855037874,-70.59377287698642,Burger Joint
Barrio Industrial Lo Encalada,-33.455209999999965,-70.59387999999996,"Ñuñoa, Santiago de Chile",La Huamantanga - Fuente Peruana,5b5cb621826444003927a93c,10,-33.455181,-70.596909,Sandwich Place
Barrio Industrial Lo Encalada,-33.455209999999965,-70.59387999999996,"Ñuñoa, Santiago de Chile",La Batuta,4f597530e4b02c05d9df077e,13,-33.45467945146016,-70.59430305062796,Concert Hall
Barrio Industrial Lo Encalada,-33.455209999999965,-70.59387999999996,"Ñuñoa, Santiago de Chile",Mr. Fish,50dc7ba4e4b0add0e0f67972,298,-33.45512956784755,-70.59710354574817,Fish & Chips Shop
Barrio Industrial Lo Encalada,-33.455209999999965,-70.59387999999996,"Ñuñoa, Santiago de Chile",Panatura,5692d6d0498eb438cda32287,19,-33.455017588533366,-70.59707232313566,Vegetarian / Vegan Restaurant
Barrio Industrial Lo Encalada,-33.455209999999965,-70.59387999999996,"Ñuñoa, Santiago de Chile",Como En Lima,4ca69b1db0b8236a944fa1e6,94,-33.45456194657859,-70.59322754163135,Peruvian Restaurant
Barrio Industrial Lo Encalada,-33.455209999999965,-70.59387999999996,"Ñuñoa, Santiago de Chile",Salas 214,4c197604838020a11fd6e561,16,-33.4530630191147,-70.5931984391822,Concert Hall
Barrio Industrial Lo Encalada,-33.455209999999965,-70.59387999999996,"Ñuñoa, Santiago de Chile",La Taverna della Piazza,4b5399abf964a5201ea427e3,138,-33.455274049521336,-70.59304549993107,Italian Restaurant
Barrio Industrial Lo Encalada,-33.455209999999965,-70.59387999999996,"Ñuñoa, Santiago de Chile",Helados Filippo,4be6fc728a8cb7135e88c4a0,80,-33.45529747588973,-70.59424521308082,Ice Cream Shop
Barrio Industrial Lo Encalada,-33.455209999999965,-70.59387999999996,"Ñuñoa, Santiago de Chile",Taxco,4b982e1bf964a520f13135e3,116,-33.45371413631455,-70.59371139396141,Mexican Restaurant
Barrio Colo Colo,-33.451432771932126,-70.62074061586925,"Ñuñoa, Santiago de Chile",Academia Choy Lee Fut,4beac71162c0c928373ae1d4,19,-33.45195394191967,-70.62121703091324,Martial Arts School
Barrio Colo Colo,-33.451432771932126,-70.62074061586925,"Ñuñoa, Santiago de Chile",Papa John's,56ba7ff6498e875d19649cb7,15,-33.44972656942828,-70.6215893315587,Pizza Place
Barrio Colo Colo,-33.451432771932126,-70.62074061586925,"Ñuñoa, Santiago de Chile",Cambre Studio,52d59385498eed6d46fb2405,9,-33.450458036899825,-70.62232009698879,Gym / Fitness Center
Barrio Colo Colo,-33.451432771932126,-70.62074061586925,"Ñuñoa, Santiago de Chile",Sala de Ensayo Lagarto,4d72d5b9fdee2c0f028dbb78,7,-33.453000884952104,-70.6213681969539,Music Venue
Barrio Colo Colo,-33.451432771932126,-70.62074061586925,"Ñuñoa, Santiago de Chile",Vega Italia,5b79b1b989ad46002471f62f,8,-33.45152,-70.623473,Shopping Plaza
Barrio Colo Colo,-33.451432771932126,-70.62074061586925,"Ñuñoa, Santiago de Chile",Mingus Coffee,5495fbc7498ed521a2a74ec9,19,-33.4535892494023,-70.6216582003981,Coffee Shop
Barrio Colo Colo,-33.451432771932126,-70.62074061586925,"Ñuñoa, Santiago de Chile",Italia 1805,50a67685e4b0453ba8dc580b,8,-33.4508953887709,-70.6238707990166,Furniture / Home Store
Barrio Colo Colo,-33.451432771932126,-70.62074061586925,"Ñuñoa, Santiago de Chile",Minimarket Belorado,4e3156ee7d8b9b256bca22d9,7,-33.45013328988823,-70.62049975636903,Grocery Store
Barrio Colo Colo,-33.451432771932126,-70.62074061586925,"Ñuñoa, Santiago de Chile",Café Cariño,5acfefcdeb449955cb660828,6,-33.450706,-70.62364,Coffee Shop
Barrio Colo Colo,-33.451432771932126,-70.62074061586925,"Ñuñoa, Santiago de Chile",BlueSense Restobar,4f24c0ffe4b047657a17c371,26,-33.45333892195634,-70.6201506266278,Asian Restaurant
Barrio Colo Colo,-33.451432771932126,-70.62074061586925,"Ñuñoa, Santiago de Chile",Lider Express,562cd85e498eb20827fa2c3b,69,-33.44956721167367,-70.62128120619734,Big Box Store
Barrio Colo Colo,-33.451432771932126,-70.62074061586925,"Ñuñoa, Santiago de Chile",Rikuzen Sushi,52be128c498efb0047a27ba7,6,-33.452354431152344,-70.62097930908203,Japanese Restaurant
Barrio Colo Colo,-33.451432771932126,-70.62074061586925,"Ñuñoa, Santiago de Chile",Sushi Face,4be21246b02ec9b640274cc0,12,-33.45339789328484,-70.62270077499149,Sushi Restaurant
Barrio Colo Colo,-33.451432771932126,-70.62074061586925,"Ñuñoa, Santiago de Chile",Bar El Ático,4bef7174d1b7d13ab9d4cdec,56,-33.453310078386096,-70.61984200684665,Bar
Barrio Colo Colo,-33.451432771932126,-70.62074061586925,"Ñuñoa, Santiago de Chile",Farmacias Cruz Verde,57cc48a1498ec7dfd703a741,0,-33.449731,-70.621528,Pharmacy
Barrio Colo Colo,-33.451432771932126,-70.62074061586925,"Ñuñoa, Santiago de Chile",Paradero Pd482,4e188d70e4cd49a7e3eaa417,0,-33.45014344630309,-70.62157771328606,Bus Station
Barrio Colo Colo,-33.451432771932126,-70.62074061586925,"Ñuñoa, Santiago de Chile",Chiledrink,4f11fb3ce4b01eefeec9a36a,1,-33.45350332340417,-70.62054368543052,Liquor Store
Barrio Parque San Eugenio,-33.46647999999993,-70.62362999999993,"Ñuñoa, Santiago de Chile",Parque San Eugenio,4d37feedfe80a1cd58bb809f,76,-33.46742006840033,-70.62537027689233,Park
Barrio Parque San Eugenio,-33.46647999999993,-70.62362999999993,"Ñuñoa, Santiago de Chile",Completo S,4e456599d22d12b08bb2f68c,3,-33.46618261917372,-70.62669607689708,Hot Dog Joint
Barrio Parque San Eugenio,-33.46647999999993,-70.62362999999993,"Ñuñoa, Santiago de Chile",Punto Copec,4c116c6c416620a1b215d9e4,28,-33.4670506069288,-70.62337301967779,Convenience Store
Barrio Parque San Eugenio,-33.46647999999993,-70.62362999999993,"Ñuñoa, Santiago de Chile",Santa Barra,515aed05e4b084f1daad3f2d,17,-33.46613904276536,-70.62680293880216,Burger Joint
Barrio Parque San Eugenio,-33.46647999999993,-70.62362999999993,"Ñuñoa, Santiago de Chile",Laboratorio Bagó de Chile S.A.,520a360e11d2031f21703f12,1,-33.46761525814837,-70.62484243862411,Pharmacy
Barrio Parque San Eugenio,-33.46647999999993,-70.62362999999993,"Ñuñoa, Santiago de Chile",Cholita I,4d273795f7a9224b1a46e99f,0,-33.46741522073201,-70.62465654737326,Food Truck
Barrio Parque San Eugenio,-33.46647999999993,-70.62362999999993,"Ñuñoa, Santiago de Chile",Medíatico Pizzas,4d5211b1c5ff6ea811cdaa07,10,-33.4667780543585,-70.62649741798025,Pizza Place
Barrio Parque San Eugenio,-33.46647999999993,-70.62362999999993,"Ñuñoa, Santiago de Chile","Almacen ""Altiro""",4e340e681f6efba2411d4ec7,1,-33.46607365932877,-70.62594035738681,Dessert Shop
Barrio Parque San Eugenio,-33.46647999999993,-70.62362999999993,"Ñuñoa, Santiago de Chile",sushi mitzuit,527aef9c498e3a669cdc6a1e,3,-33.466331481933594,-70.62664031982422,Japanese Restaurant
Barrio Parque San Eugenio,-33.46647999999993,-70.62362999999993,"Ñuñoa, Santiago de Chile",Casino ABB,4d88e63c7d4c54811ffa4871,0,-33.465052950272934,-70.62577189382104,Malay Restaurant
Barrio Parque San Eugenio,-33.46647999999993,-70.62362999999993,"Ñuñoa, Santiago de Chile",Parada 2 - Metro Ñuble (PD204),4f267112e4b04f6e6b2212f0,1,-33.46761118821484,-70.62619278857322,Bus Line
Barrio Empart,-33.439689953084894,-70.5846849040057,"Ñuñoa, Santiago de Chile",Café Matte,5446b63a498e043785f8ff1b,37,-33.43921120158345,-70.5870445954013,Coffee Shop
Barrio Empart,-33.439689953084894,-70.5846849040057,"Ñuñoa, Santiago de Chile",Restaurant Xion Chang,4bb639a7f562ef3b64d12f97,16,-33.43941535899326,-70.58695230831947,Chinese Restaurant
Barrio Empart,-33.439689953084894,-70.5846849040057,"Ñuñoa, Santiago de Chile",Onomichi Nikkei,50259be0e4b0dd4acbd76ae3,26,-33.43994861898245,-70.58400430551593,Peruvian Restaurant
Barrio Empart,-33.439689953084894,-70.5846849040057,"Ñuñoa, Santiago de Chile",Kikay Sushi,4f0340cf93adc8245be62e14,0,-33.437634048485954,-70.58562763446882,Sushi Restaurant
Villa Presidente Frei,-33.46035023456251,-70.60807716409211,"Ñuñoa, Santiago de Chile",Pastelería Tradición Pompadour,4f3ab34a6b74f346e09f51ae,5,-33.45910762219555,-70.60696170215532,Pie Shop
Villa Presidente Frei,-33.46035023456251,-70.60807716409211,"Ñuñoa, Santiago de Chile",Feria Juan Gomez Millas,4b642d07f964a52091a22ae3,48,-33.46035168147688,-70.60607615788619,Flea Market
Villa Presidente Frei,-33.46035023456251,-70.60807716409211,"Ñuñoa, Santiago de Chile",Doña Isidora,4cc9efac0a9ab1f7ee7818f4,1,-33.46036044162654,-70.6060844953419,Bakery
Villa Presidente Frei,-33.46035023456251,-70.60807716409211,"Ñuñoa, Santiago de Chile",Plaza Eusebio Lillo,4cd6c64adfb4a1cdb1c1605c,59,-33.460371836199585,-70.60610061974823,Plaza
Villa Presidente Frei,-33.46035023456251,-70.60807716409211,"Ñuñoa, Santiago de Chile",Castillo Hamburger,55e37e13498e042767940946,57,-33.460342682799606,-70.60608826927657,Burger Joint
Villa Presidente Frei,-33.46035023456251,-70.60807716409211,"Ñuñoa, Santiago de Chile",Montaña China,4c537d1ba724e21ea06bd0f4,32,-33.461768592762446,-70.60969040635922,Chinese Restaurant
Villa Presidente Frei,-33.46035023456251,-70.60807716409211,"Ñuñoa, Santiago de Chile",Parada 2 - Estadio Nacional (PD582),500aaadce4b0629c8b2fb0ae,0,-33.46212920318799,-70.60758590698242,Bus Station
Villa Presidente Frei,-33.46035023456251,-70.60807716409211,"Ñuñoa, Santiago de Chile",Paradero PD115,4e64b745c65b2dc8a095c0d5,0,-33.462165005326014,-70.60887336730957,Bus Line
Villa Presidente Frei,-33.46035023456251,-70.60807716409211,"Ñuñoa, Santiago de Chile",Parada 4 - Estadio Nacional (PD560),4e8ee0759adf0d7c3543a702,1,-33.46186328287447,-70.60652019428484,Bus Line
Villa Presidente Frei,-33.46035023456251,-70.60807716409211,"Ñuñoa, Santiago de Chile",Panificio,5746e324498e2b7c894be467,2,-33.460498,-70.605432,Bakery
Villa Presidente Frei,-33.46035023456251,-70.60807716409211,"Ñuñoa, Santiago de Chile",Metro Estadio Nacional,5750684e498edb94cbced4e9,12,-33.46277038828111,-70.60690764327988,Metro Station
Villa Los Jardines,-33.460067958613635,-70.58919183065998,"Ñuñoa, Santiago de Chile",Parque Juan XXIII,4c44e054f97fbe9afdd1bb30,105,-33.461876006124605,-70.58900379912308,Park
Villa Los Jardines,-33.460067958613635,-70.58919183065998,"Ñuñoa, Santiago de Chile",Plaza Tocornal,54498f96498e78621ab417b9,7,-33.45925179536711,-70.59195779843431,Plaza
Villa Los Jardines,-33.460067958613635,-70.58919183065998,"Ñuñoa, Santiago de Chile",Ciclovía Juan Moya,4f6c9922e4b032eb6238252e,2,-33.46184323944381,-70.58891300458748,Other Great Outdoors
Villa Los Jardines,-33.460067958613635,-70.58919183065998,"Ñuñoa, Santiago de Chile",Yoga Kundalini,4ddd91551f6e03694730952c,4,-33.46133193453545,-70.59091612401214,Yoga Studio
Villa Los Jardines,-33.460067958613635,-70.58919183065998,"Ñuñoa, Santiago de Chile",Pastelería Zuckerhut,4e2c3f93091ac5a470e5ddf7,1,-33.45878163796191,-70.58651447296143,Cupcake Shop
Villa Lo Plaza,-33.46170943237828,-70.58549728537099,"Ñuñoa, Santiago de Chile",Los Pincheira,4b5a2e72f964a5207fb228e3,136,-33.4617441726923,-70.58469672921225,Hot Dog Joint
Villa Lo Plaza,-33.46170943237828,-70.58549728537099,"Ñuñoa, Santiago de Chile",Panaderia Los Cerezos,4dc6bb0c45dd264552906c53,10,-33.462374394060554,-70.58707603011416,Bakery
Villa Lo Plaza,-33.46170943237828,-70.58549728537099,"Ñuñoa, Santiago de Chile",Botilleria Unicornio Azul,4f3ec652e4b0a793b31b99e2,2,-33.462363309362935,-70.58718641144095,Food & Drink Shop
Villa Lo Plaza,-33.46170943237828,-70.58549728537099,"Ñuñoa, Santiago de Chile",Il Pollo Italiano,4e29a898e4cd6c6cb3535765,0,-33.4619682481631,-70.58459534859183,Fast Food Restaurant
Villa Los Presidentes,-33.44814999999994,-70.58036999999996,"Ñuñoa, Santiago de Chile",Qué Leo Ñuñoa,51afc146498e638ff8cc2ffa,18,-33.44830251976662,-70.58068751769886,Bookstore
Villa Los Presidentes,-33.44814999999994,-70.58036999999996,"Ñuñoa, Santiago de Chile",Patagonia Sushi & Cevicheria,5692f98f498e604b3c266612,7,-33.446637,-70.581875,Asian Restaurant
Villa Los Presidentes,-33.44814999999994,-70.58036999999996,"Ñuñoa, Santiago de Chile",Trufa Cafetería Gourmet,53fa8341498eacb60d6c591a,46,-33.44829882742421,-70.58119647235955,Coffee Shop
Villa Los Presidentes,-33.44814999999994,-70.58036999999996,"Ñuñoa, Santiago de Chile",BEAUTY FACTORY PELUQUERÍA Y UÑAS,4e1b5c39628473611340751c,12,-33.44827150377379,-70.58056418858074,Salon / Barbershop
Villa Los Presidentes,-33.44814999999994,-70.58036999999996,"Ñuñoa, Santiago de Chile",Délice Pâtisserie,4ff76b06d86ca0c938e5d4b8,140,-33.44829507644408,-70.5806731279802,Bakery
Villa Los Presidentes,-33.44814999999994,-70.58036999999996,"Ñuñoa, Santiago de Chile",Kibo Sushi,510c6f43e4b074f33d928e6b,6,-33.44813407958471,-70.58037177114421,Sushi Restaurant
Villa Los Presidentes,-33.44814999999994,-70.58036999999996,"Ñuñoa, Santiago de Chile",Comida Casera El Granado,4c7fe774e602b1f7ccdb847a,3,-33.448404,-70.580217,Diner
Villa Los Presidentes,-33.44814999999994,-70.58036999999996,"Ñuñoa, Santiago de Chile",La Ruta de la Milanesa 2,5029ac24e4b06703fffb8b76,26,-33.448317654999144,-70.58062374798254,Fast Food Restaurant
Villa Los Presidentes,-33.44814999999994,-70.58036999999996,"Ñuñoa, Santiago de Chile",Sportlife,4b6ec801f964a5205cca2ce3,193,-33.44855715254528,-70.58301960233763,Gym
Villa Los Presidentes,-33.44814999999994,-70.58036999999996,"Ñuñoa, Santiago de Chile",Pan Pam Pan,4cb77727f50e224bbe50dffb,11,-33.44861559374924,-70.58077586980639,Bakery
Villa Los Presidentes,-33.44814999999994,-70.58036999999996,"Ñuñoa, Santiago de Chile",Cafe Noi,4df7a5f71495dd5ffb86cc2a,4,-33.44927811585631,-70.58102913825228,Café
Villa Los Alerces,-33.471186050171674,-70.60417329598476,"Ñuñoa, Santiago de Chile",Panaderia y Pastelería Las Rias,4b8047c3f964a520b86330e3,64,-33.4721919135635,-70.60637796347275,Bakery
Villa Los Alerces,-33.471186050171674,-70.60417329598476,"Ñuñoa, Santiago de Chile",Donde Camilo,4e4eb42852b1e893ad508116,9,-33.47206113820815,-70.60621735251196,Peruvian Restaurant
Villa Los Alerces,-33.471186050171674,-70.60417329598476,"Ñuñoa, Santiago de Chile",Zhong Xin,4dc1a6d045dd472e9b7cd582,4,-33.471766,-70.606381,Chinese Restaurant
Villa Los Alerces,-33.471186050171674,-70.60417329598476,"Ñuñoa, Santiago de Chile",Plaza Zañartu,4dc70ed9b0fb5556cd1931bc,6,-33.472438239319644,-70.60606125805415,Plaza
Villa Los Alerces,-33.471186050171674,-70.60417329598476,"Ñuñoa, Santiago de Chile",Paradero PD44,4f367f6be4b00af178ea24a8,1,-33.47048,-70.6065,Bus Station
Villa Salvador Cruz Gana,-33.45093995493415,-70.62093491694934,"Ñuñoa, Santiago de Chile",Academia Choy Lee Fut,4beac71162c0c928373ae1d4,19,-33.45195394191967,-70.62121703091324,Martial Arts School
Villa Salvador Cruz Gana,-33.45093995493415,-70.62093491694934,"Ñuñoa, Santiago de Chile",Papa John's,56ba7ff6498e875d19649cb7,15,-33.44972656942828,-70.6215893315587,Pizza Place
Villa Salvador Cruz Gana,-33.45093995493415,-70.62093491694934,"Ñuñoa, Santiago de Chile",El Gusto Peruano,560c2178498e191b70522853,66,-33.45061065779798,-70.62393432006016,Latin American Restaurant
Villa Salvador Cruz Gana,-33.45093995493415,-70.62093491694934,"Ñuñoa, Santiago de Chile",Cambre Studio,52d59385498eed6d46fb2405,9,-33.450458036899825,-70.62232009698879,Gym / Fitness Center
Villa Salvador Cruz Gana,-33.45093995493415,-70.62093491694934,"Ñuñoa, Santiago de Chile",Sala de Ensayo Lagarto,4d72d5b9fdee2c0f028dbb78,7,-33.453000884952104,-70.6213681969539,Music Venue
Villa Salvador Cruz Gana,-33.45093995493415,-70.62093491694934,"Ñuñoa, Santiago de Chile",Vega Italia,5b79b1b989ad46002471f62f,8,-33.45152,-70.623473,Shopping Plaza
Villa Salvador Cruz Gana,-33.45093995493415,-70.62093491694934,"Ñuñoa, Santiago de Chile",Italia 1805,50a67685e4b0453ba8dc580b,8,-33.4508953887709,-70.6238707990166,Furniture / Home Store
Villa Salvador Cruz Gana,-33.45093995493415,-70.62093491694934,"Ñuñoa, Santiago de Chile",Da Noi,4b55adf7f964a52089eb27e3,710,-33.4507787972358,-70.62388499388167,Italian Restaurant
Villa Salvador Cruz Gana,-33.45093995493415,-70.62093491694934,"Ñuñoa, Santiago de Chile",Minimarket Belorado,4e3156ee7d8b9b256bca22d9,7,-33.45013328988823,-70.62049975636903,Grocery Store
Villa Salvador Cruz Gana,-33.45093995493415,-70.62093491694934,"Ñuñoa, Santiago de Chile",Café Cariño,5acfefcdeb449955cb660828,6,-33.450706,-70.62364,Coffee Shop
Villa Salvador Cruz Gana,-33.45093995493415,-70.62093491694934,"Ñuñoa, Santiago de Chile",Sala Prove,50415effe4b0a105068ec4e8,8,-33.44945225044749,-70.62362797762944,Concert Hall
Villa Salvador Cruz Gana,-33.45093995493415,-70.62093491694934,"Ñuñoa, Santiago de Chile",Lider Express,562cd85e498eb20827fa2c3b,69,-33.44956721167367,-70.62128120619734,Big Box Store
Villa Salvador Cruz Gana,-33.45093995493415,-70.62093491694934,"Ñuñoa, Santiago de Chile",BlueSense Restobar,4f24c0ffe4b047657a17c371,26,-33.45333892195634,-70.6201506266278,Asian Restaurant
Villa Salvador Cruz Gana,-33.45093995493415,-70.62093491694934,"Ñuñoa, Santiago de Chile",Rikuzen Sushi,52be128c498efb0047a27ba7,6,-33.452354431152344,-70.62097930908203,Japanese Restaurant
Villa Salvador Cruz Gana,-33.45093995493415,-70.62093491694934,"Ñuñoa, Santiago de Chile",Farmacias Cruz Verde,57cc48a1498ec7dfd703a741,0,-33.449731,-70.621528,Pharmacy
Villa Salvador Cruz Gana,-33.45093995493415,-70.62093491694934,"Ñuñoa, Santiago de Chile",Bar El Ático,4bef7174d1b7d13ab9d4cdec,56,-33.453310078386096,-70.61984200684665,Bar
Villa Salvador Cruz Gana,-33.45093995493415,-70.62093491694934,"Ñuñoa, Santiago de Chile",Paradero Pd482,4e188d70e4cd49a7e3eaa417,0,-33.45014344630309,-70.62157771328606,Bus Station
Villa Salvador Cruz Gana,-33.45093995493415,-70.62093491694934,"Ñuñoa, Santiago de Chile",Chiledrink,4f11fb3ce4b01eefeec9a36a,1,-33.45350332340417,-70.62054368543052,Liquor Store
Villa Rebeca Matte,-33.44142997331984,-70.63451489928855,"Ñuñoa, Santiago de Chile",Academia Bamboleo,4e8a658a550385f0950740e2,9,-33.44052779684566,-70.63350619228449,Dance Studio
Villa Rebeca Matte,-33.44142997331984,-70.63451489928855,"Ñuñoa, Santiago de Chile",La Casa del Chef,4dd80bd22271c5d36d4afe7a,239,-33.44283446579608,-70.63373407430258,Peruvian Restaurant
Villa Rebeca Matte,-33.44142997331984,-70.63451489928855,"Ñuñoa, Santiago de Chile",Hidden Bar,562fedc8498e711812d0c800,13,-33.44043279207029,-70.63540241763592,Cocktail Bar
Villa Rebeca Matte,-33.44142997331984,-70.63451489928855,"Ñuñoa, Santiago de Chile",Original Green Roasters,4f50f8cbe4b093e2bd9cc4d6,157,-33.44158772238465,-70.63296283364603,Coffee Shop
Villa Rebeca Matte,-33.44142997331984,-70.63451489928855,"Ñuñoa, Santiago de Chile",Parque Bustamante,4b5b5e81f964a52062f828e3,798,-33.44078849867101,-70.632004737854,Park
Villa Rebeca Matte,-33.44142997331984,-70.63451489928855,"Ñuñoa, Santiago de Chile",Restaurante Japón,4b8db714f964a5202b0a33e3,329,-33.44029986343263,-70.63499202234794,Japanese Restaurant
Villa Rebeca Matte,-33.44142997331984,-70.63451489928855,"Ñuñoa, Santiago de Chile",Academia Embrujo,4de6c9f018381a514be7cee2,9,-33.44145085208071,-70.63195342308131,Arts & Entertainment
Villa Rebeca Matte,-33.44142997331984,-70.63451489928855,"Ñuñoa, Santiago de Chile",Hostal Río Amazonas,4c4143ed520fa593c77ac9ac,19,-33.43972653497434,-70.63465420440504,Hostel
Villa Rebeca Matte,-33.44142997331984,-70.63451489928855,"Ñuñoa, Santiago de Chile",Volumen Producciones,51f72b3e2fc6cafd4552e156,12,-33.440540325690684,-70.63334782505838,Music Venue
Villa Rebeca Matte,-33.44142997331984,-70.63451489928855,"Ñuñoa, Santiago de Chile",La Casa del Chef,4b7ecbfff964a520340030e3,120,-33.44170136860836,-70.6331574091828,South American Restaurant
Villa Rebeca Matte,-33.44142997331984,-70.63451489928855,"Ñuñoa, Santiago de Chile",Hostal Providencia,4d001fbd506d6a3124671f86,84,-33.4408423229688,-70.6335032070807,Hostel
Villa Rebeca Matte,-33.44142997331984,-70.63451489928855,"Ñuñoa, Santiago de Chile",Café Triciclo,52debeff498ed47162b409bf,41,-33.43888154427879,-70.63466012477875,Coffee Shop
Villa Rebeca Matte,-33.44142997331984,-70.63451489928855,"Ñuñoa, Santiago de Chile",Zenwich,4f284466e4b0c4862181e83d,24,-33.4423714148733,-70.63577571399352,Sushi Restaurant
Villa Rebeca Matte,-33.44142997331984,-70.63451489928855,"Ñuñoa, Santiago de Chile",Maestro Criollo,56a18ab6498ef3168dde340e,9,-33.441769,-70.633432,Restaurant
Villa Rebeca Matte,-33.44142997331984,-70.63451489928855,"Ñuñoa, Santiago de Chile",Casa de Cena,4c1e5b59fcf8c9b6bc1fad0b,116,-33.43898172982645,-70.63434477499678,Latin American Restaurant
Villa Rebeca Matte,-33.44142997331984,-70.63451489928855,"Ñuñoa, Santiago de Chile",La Máquina del Arte,4dc1a2c7c65b268b41e08e8a,5,-33.44144438626849,-70.63233031191054,Performing Arts Venue
Villa Rebeca Matte,-33.44142997331984,-70.63451489928855,"Ñuñoa, Santiago de Chile",El Buen Pasar,50896ef5e4b0f9429709a13c,4,-33.442534265237526,-70.63560962677002,Comfort Food Restaurant
Villa Rebeca Matte,-33.44142997331984,-70.63451489928855,"Ñuñoa, Santiago de Chile",Juegos Infantiles - Parque Bustamante,4ee3e3a0aa1fd7f753edcf8c,13,-33.440533366601606,-70.63223333696558,Playground
Villa Rebeca Matte,-33.44142997331984,-70.63451489928855,"Ñuñoa, Santiago de Chile",Sabores Del Parque,526022cf11d2b63fbcc3c69b,8,-33.44167554447431,-70.63303320181119,Restaurant
Villa Rebeca Matte,-33.44142997331984,-70.63451489928855,"Ñuñoa, Santiago de Chile",Societa di Mutuo Soccorso Italia e L'Umanitaria Riunite,4d8baa877aeb5941f7258759,9,-33.44108756959709,-70.63477168531351,Italian Restaurant
Villa Exequiel González Cortés,-33.44594999999998,-70.60118999999997,"Ñuñoa, Santiago de Chile",La Piccata,4b65a5a3f964a520b2f72ae3,38,-33.44637110947557,-70.6009691068966,Restaurant
Villa Exequiel González Cortés,-33.44594999999998,-70.60118999999997,"Ñuñoa, Santiago de Chile",Santiago Budokan,4ea353838231f6dc6a6d3524,16,-33.4454980244194,-70.60281292088422,Martial Arts School
Villa Exequiel González Cortés,-33.44594999999998,-70.60118999999997,"Ñuñoa, Santiago de Chile",Taib,4cf6da82665854814ba9cb98,36,-33.44526783259284,-70.60272777396189,Falafel Restaurant
Villa Exequiel González Cortés,-33.44594999999998,-70.60118999999997,"Ñuñoa, Santiago de Chile",Jardín Español,4e909a2e722ebb868bc4c6e1,8,-33.44862686205281,-70.60086407272014,Flower Shop
Villa Exequiel González Cortés,-33.44594999999998,-70.60118999999997,"Ñuñoa, Santiago de Chile",El Emir,5a14b7b3446ea625e46146cb,7,-33.445334,-70.602676,Lebanese Restaurant
Villa Exequiel González Cortés,-33.44594999999998,-70.60118999999997,"Ñuñoa, Santiago de Chile",El pizza pollo,51055ed0e4b0e893fc94623c,6,-33.44825439568759,-70.60138473168813,Fried Chicken Joint
Villa Exequiel González Cortés,-33.44594999999998,-70.60118999999997,"Ñuñoa, Santiago de Chile",Líquidos,4c6c2832e6b7b1f77f3aa68e,37,-33.44463191812317,-70.59967549792697,Liquor Store
Villa Exequiel González Cortés,-33.44594999999998,-70.60118999999997,"Ñuñoa, Santiago de Chile",Plaza 18 de Septiembre,4b69fca9f964a520eabf2be3,37,-33.444642567258946,-70.59872388839722,Plaza
Villa Exequiel González Cortés,-33.44594999999998,-70.60118999999997,"Ñuñoa, Santiago de Chile",Verdani,4bdb754c63c5c9b6e3232868,4,-33.44455069107172,-70.59927292496054,Café
Villa Exequiel González Cortés,-33.44594999999998,-70.60118999999997,"Ñuñoa, Santiago de Chile",Panaderia Oriente,4b6afe18f964a52038eb2be3,18,-33.44655048505157,-70.60097974316773,Bakery
Villa Exequiel González Cortés,-33.44594999999998,-70.60118999999997,"Ñuñoa, Santiago de Chile",Salcobrand,4cc611a1b2beb1f7d360264c,23,-33.448270438205014,-70.60085741139484,Pharmacy
Villa Exequiel González Cortés,-33.44594999999998,-70.60118999999997,"Ñuñoa, Santiago de Chile",Sushi Fresh,4f0e415d7716c5cc0ad5376d,4,-33.4475419583765,-70.60075968503952,Sushi Restaurant
Villa Exequiel González Cortés,-33.44594999999998,-70.60118999999997,"Ñuñoa, Santiago de Chile",El Esquinazo,4e9dbd38b803b7506dbe6ed8,21,-33.44476958138165,-70.60120018710798,Restaurant
Población Rosita Renard,-33.44123982887091,-70.57510133769239,"Ñuñoa, Santiago de Chile",Daniel's Bakery & Cafe,54f74ae5498eee4886896a72,272,-33.4401784731176,-70.5766799461946,Pie Shop
Población Rosita Renard,-33.44123982887091,-70.57510133769239,"Ñuñoa, Santiago de Chile",Restaurant Piedra Noble,5160562de4b0e63c72f3645b,5,-33.43915866741301,-70.57317940731068,Fast Food Restaurant
Población Rosita Renard,-33.44123982887091,-70.57510133769239,"Ñuñoa, Santiago de Chile",Supermercado La Verbena,4bf46ac9354e9c7489be2602,8,-33.43865071456813,-70.57483517064858,Grocery Store
Población Rosita Renard,-33.44123982887091,-70.57510133769239,"Ñuñoa, Santiago de Chile",Big John Av.Ossa,4bcf5eb3b221c9b624e7d1d0,0,-33.441948372269174,-70.57344084399038,Grocery Store
Población Rosita Renard,-33.44123982887091,-70.57510133769239,"Ñuñoa, Santiago de Chile",Plaza Fanor Blanco,508732e1e4b0661f485ddd39,5,-33.44269130173817,-70.57719036710574,Park
Población Santa Julia,-33.46036435735226,-70.58979852511449,"Ñuñoa, Santiago de Chile",Parque Juan XXIII,4c44e054f97fbe9afdd1bb30,105,-33.461876006124605,-70.58900379912308,Park
Población Santa Julia,-33.46036435735226,-70.58979852511449,"Ñuñoa, Santiago de Chile",Plaza Tocornal,54498f96498e78621ab417b9,7,-33.45925179536711,-70.59195779843431,Plaza
Población Santa Julia,-33.46036435735226,-70.58979852511449,"Ñuñoa, Santiago de Chile",Yoga Kundalini,4ddd91551f6e03694730952c,4,-33.46133193453545,-70.59091612401214,Yoga Studio
Población Santa Julia,-33.46036435735226,-70.58979852511449,"Ñuñoa, Santiago de Chile",Ciclovía Juan Moya,4f6c9922e4b032eb6238252e,2,-33.46184323944381,-70.58891300458748,Other Great Outdoors
Población Santa Julia,-33.46036435735226,-70.58979852511449,"Ñuñoa, Santiago de Chile",Hostal BrownSur,4f087969e4b0ca3a5c4c4bb8,0,-33.46176429148665,-70.59229297346404,Bed & Breakfast
